50,relu,relu,0.0404249,0.0247046,0.0224421,0.0210969,0.0201509,0.0194333,0.0188654,0.0184089,0.0180442,0.017744,86.6917
58,relu,relu,0.0320276,0.0172248,0.0147069,0.0132128,0.0121415,0.0113813,0.0108254,0.0103846,0.010045,0.00974368,94.4583
66,relu,relu,0.0391502,0.0256602,0.0232879,0.0219948,0.0211073,0.0204201,0.0198496,0.0193841,0.0190019,0.0186833,91.3917
74,relu,relu,0.037386,0.0245622,0.022262,0.0210662,0.0202548,0.0195893,0.0190686,0.018664,0.0183454,0.0180879,86.125
82,relu,relu,0.0442217,0.0323838,0.0302099,0.02905,0.0282977,0.0277387,0.0272945,0.0269302,0.0266413,0.0264055,76.7583
90,relu,relu,0.0417386,0.0325155,0.0306313,0.0294855,0.0286674,0.0280894,0.0276431,0.0272798,0.0269722,0.0267096,76.8667
98,relu,relu,0.0354966,0.0239795,0.0219052,0.0207016,0.0198642,0.0192371,0.0187469,0.0183481,0.0180122,0.0177293,85.75
106,relu,relu,0.0525009,0.042467,0.0406785,0.0396751,0.038959,0.0383457,0.0378474,0.0374203,0.0370577,0.0367447,66.8333
114,relu,relu,0.0381942,0.0245848,0.0225238,0.0213851,0.0206068,0.0199962,0.0194744,0.0190066,0.0185976,0.0182328,85.7333
122,relu,relu,0.032927,0.0224879,0.020661,0.0196587,0.0189852,0.018462,0.0180607,0.0177345,0.0174526,0.0172043,86.65
130,relu,relu,0.0349708,0.0244587,0.02245,0.0213476,0.0206358,0.0150315,0.0118654,0.0113277,0.0109352,0.0106159,94.05
138,relu,relu,0.0305981,0.0165164,0.0141939,0.0128938,0.0120764,0.0114682,0.0109671,0.0105451,0.0101818,0.00987187,94.75
146,relu,relu,0.046603,0.0308722,0.0286636,0.0275388,0.0268226,0.0263206,0.0259112,0.0255644,0.0252665,0.0250083,77.9417
154,relu,relu,0.03676,0.0253733,0.0231655,0.0218019,0.0209326,0.0202787,0.0197587,0.0193407,0.0189735,0.0186687,85.4083
162,relu,relu,0.0383847,0.0253415,0.0230662,0.0216922,0.0207996,0.0201995,0.0197386,0.0193337,0.0189808,0.0186859,86.6167
170,relu,relu,0.038196,0.0254027,0.0230425,0.0216396,0.0207192,0.0200636,0.0195399,0.0191044,0.0187383,0.0184207,85.0083
178,relu,relu,0.0385948,0.0261851,0.0188318,0.0136352,0.0124675,0.0116707,0.0110802,0.0106117,0.0102219,0.00988958,94.5667
186,relu,relu,0.0378792,0.025738,0.023408,0.022019,0.021089,0.0204355,0.0199592,0.0195814,0.0192578,0.0189899,84.7417
194,relu,relu,0.0350362,0.0165126,0.0140884,0.0127489,0.0118281,0.0111399,0.0105922,0.0101588,0.00981187,0.00952916,95.0583
202,relu,relu,0.0320089,0.0171471,0.0146372,0.0131271,0.0120414,0.0112722,0.0107201,0.0103139,0.0100046,0.00975818,94.7417
210,relu,relu,0.0373571,0.0245724,0.0223855,0.0211982,0.0204317,0.0198586,0.0194083,0.0190272,0.018694,0.0184133,85.375
218,relu,relu,0.0341798,0.0242437,0.0221402,0.0208579,0.01999,0.0193556,0.0188635,0.0184906,0.0181747,0.0179235,86.2917
226,relu,relu,0.0377378,0.0242005,0.0220111,0.020849,0.0200523,0.0194527,0.0189763,0.0185933,0.0182662,0.0179935,85.75
234,relu,relu,0.0559212,0.0448667,0.0427787,0.0415842,0.040777,0.0401781,0.0396899,0.0392954,0.0389499,0.0386406,65.7083
242,relu,relu,0.0334965,0.0161429,0.0138349,0.0126625,0.0119093,0.011334,0.0108329,0.010365,0.00997516,0.00962116,94.375
250,relu,relu,0.0340726,0.0178914,0.0148375,0.0133505,0.0124508,0.0118478,0.0113783,0.01098,0.0106288,0.0103002,94.5833
258,relu,relu,0.0368061,0.0244658,0.0222747,0.0209583,0.0200736,0.0194283,0.0189465,0.0185749,0.0182575,0.0179923,85.6667
266,relu,relu,0.030596,0.015757,0.0132419,0.0118904,0.0109978,0.0103566,0.0098637,0.0094755,0.00913738,0.00882722,94.95
274,relu,relu,0.0312661,0.0171722,0.0145816,0.0130823,0.0121036,0.0114209,0.0109188,0.0105026,0.0101553,0.00985708,94.8667
282,relu,relu,0.0302197,0.0161196,0.0135958,0.0122042,0.0112559,0.0105607,0.0100351,0.00962527,0.00929321,0.00902333,94.6833
290,relu,relu,0.0313107,0.0166893,0.0141875,0.0128228,0.0118667,0.0111765,0.0106485,0.0102265,0.00987004,0.00955889,94.8167
298,relu,relu,0.0363004,0.022892,0.0210482,0.020017,0.0193402,0.01882,0.018387,0.0180395,0.0177458,0.0175018,86.8333
306,relu,relu,0.0360278,0.0243884,0.0223406,0.0211963,0.0204409,0.0198783,0.0194282,0.0190339,0.0186727,0.0183575,86.6667
314,relu,relu,0.0386036,0.0260095,0.0235087,0.022075,0.0211709,0.0205196,0.0200003,0.0195829,0.0192092,0.018878,85.65
322,relu,relu,0.0358037,0.0243832,0.0221761,0.020896,0.0201019,0.0195364,0.0190957,0.0187458,0.0184317,0.0181705,85.975
330,relu,relu,0.0296285,0.016166,0.0137897,0.0124732,0.0115876,0.0109345,0.0104382,0.010032,0.00970022,0.00942348,94.7417
338,relu,relu,0.0358995,0.0196077,0.0144809,0.0128878,0.0118984,0.0111764,0.0106198,0.0101747,0.00980911,0.00949647,94.6
346,relu,relu,0.0520504,0.0413638,0.0394401,0.031257,0.0297132,0.0289416,0.0283823,0.0279573,0.0276154,0.0273304,76.475
354,relu,relu,0.0358639,0.0172091,0.0144456,0.0130632,0.0121293,0.0114288,0.0108926,0.0104432,0.010059,0.00973181,94.9333
362,relu,relu,0.0313816,0.0167456,0.0142401,0.0128994,0.0120378,0.0114133,0.0109395,0.0105618,0.0102583,0.0100056,94.4333
370,relu,relu,0.0394529,0.025196,0.0226599,0.0213325,0.0204959,0.0199025,0.0194222,0.0190446,0.0187078,0.0184089,85.7
378,relu,relu,0.0430544,0.0328057,0.0310007,0.029892,0.0291525,0.0286277,0.0282256,0.0278949,0.0276101,0.0273792,76.2917
386,relu,relu,0.03217,0.0179643,0.0155383,0.0141297,0.0131555,0.0124365,0.0118742,0.0114135,0.0110034,0.0106313,94.35
394,relu,relu,0.0395371,0.0252952,0.0227992,0.0212581,0.0203037,0.0196413,0.0191524,0.0187369,0.0184019,0.0181081,85.5583
402,relu,relu,0.0322038,0.0159816,0.0137658,0.0125086,0.0116482,0.0110085,0.0105268,0.0101298,0.00980409,0.00951755,94.8917
410,relu,relu,0.0398883,0.025183,0.0225935,0.021326,0.0205489,0.0200272,0.0196136,0.019286,0.0190059,0.0187733,85.6083
418,relu,relu,0.0398519,0.0244409,0.0221871,0.0209673,0.0201524,0.019555,0.0190988,0.018725,0.0184064,0.0181342,86.35
426,relu,relu,0.0463274,0.0392904,0.0377624,0.0368425,0.0361872,0.0357079,0.0353328,0.035028,0.034763,0.0345451,68.7167
434,relu,relu,0.0304496,0.0174815,0.0152238,0.0138479,0.0128615,0.0121172,0.0115176,0.0110377,0.0106407,0.0102977,94.7333
442,relu,relu,0.0442223,0.0269513,0.0245666,0.0231902,0.0222676,0.0215754,0.0210508,0.0206419,0.0202912,0.0199985,84.7667
450,relu,relu,0.0365949,0.0237195,0.0215166,0.0202892,0.0194607,0.0188659,0.01843,0.0180827,0.017793,0.0175624,86.1583
458,relu,relu,0.0419282,0.032071,0.0302795,0.0292462,0.0285371,0.0279951,0.0275799,0.0272381,0.0269606,0.0267259,84.6417
466,relu,relu,0.0405069,0.0256783,0.0234644,0.0222484,0.0213969,0.0207283,0.0201806,0.019714,0.0193169,0.0189935,84.6667
474,relu,relu,0.030086,0.0168885,0.0145167,0.013227,0.0123502,0.0116705,0.0111281,0.0106871,0.0102971,0.00994514,94.8083
482,relu,relu,0.0506982,0.04096,0.0332454,0.0294775,0.0285734,0.0279976,0.0275638,0.027193,0.0268797,0.0266083,77.5417
490,relu,relu,0.0323877,0.0176407,0.0150162,0.0134957,0.012521,0.0118256,0.0113013,0.0108585,0.0104747,0.0101487,94.75
498,relu,relu,0.0301877,0.0162424,0.0140272,0.0126912,0.0117626,0.011086,0.0105642,0.0101458,0.00981578,0.00954363,94.825
506,relu,relu,0.045043,0.0334165,0.0313375,0.0300966,0.0292708,0.0286801,0.028231,0.0278734,0.0275769,0.0273168,77.4667
514,relu,relu,0.0356013,0.0234757,0.0213425,0.020051,0.0191229,0.018437,0.0178973,0.0174629,0.0170944,0.0167952,86.9917
522,relu,relu,0.033406,0.0173229,0.0148019,0.0133551,0.0123439,0.0115651,0.0109482,0.0104545,0.0100673,0.00973694,94.65
530,relu,relu,0.0409864,0.0314743,0.0297276,0.0287295,0.0280244,0.0274967,0.0270971,0.0267751,0.0264974,0.0262554,77.275
538,relu,relu,0.0329668,0.0171104,0.0142314,0.0126137,0.0115234,0.010742,0.0101279,0.00965919,0.00928525,0.00896773,94.7667
546,relu,relu,0.0454763,0.0337738,0.0311165,0.0297844,0.0289684,0.0283988,0.0279989,0.0276633,0.0274049,0.0271828,77.1583
554,relu,relu,0.0390215,0.0254619,0.0232213,0.0218424,0.0209516,0.0203241,0.0198002,0.0193826,0.0190197,0.0187091,85.3583
562,relu,relu,0.0385582,0.0256006,0.0231072,0.0216154,0.0206877,0.0200473,0.0195615,0.0191719,0.0188165,0.0185211,85.7083
570,relu,relu,0.0426986,0.0273592,0.0248523,0.0234596,0.0225003,0.0217809,0.0212241,0.020785,0.020438,0.020152,84.4833
578,relu,relu,0.0302695,0.0166889,0.0143202,0.0129221,0.0119805,0.0112651,0.0106826,0.0101989,0.00978426,0.00942689,94.85
586,relu,relu,0.0312641,0.0166902,0.0140805,0.0126673,0.0117089,0.0109914,0.0103947,0.00990971,0.00949456,0.0091494,95.05
594,relu,relu,0.0317855,0.0162675,0.0140336,0.0128286,0.0119814,0.0113507,0.0108276,0.01041,0.010065,0.00976661,94.35
602,relu,relu,0.0298317,0.0155113,0.0132019,0.011959,0.0110901,0.0104537,0.00995855,0.00955295,0.00920423,0.00889584,94.9333
610,relu,relu,0.0311518,0.0166927,0.0143796,0.0130978,0.0122028,0.0115158,0.0109536,0.0105034,0.0101565,0.00984781,94.1167
618,relu,relu,0.0309514,0.0168664,0.0142435,0.0127139,0.0117297,0.0110311,0.0104811,0.010036,0.0096593,0.00932919,94.9083
626,relu,relu,0.0387323,0.0252687,0.0228589,0.0215286,0.020697,0.0200963,0.0196383,0.0192703,0.0189473,0.0186765,93.3667
634,relu,relu,0.0380312,0.0249333,0.0223323,0.0207559,0.0197154,0.0189971,0.0184694,0.0180658,0.0177432,0.0174716,85.775
642,relu,relu,0.036732,0.0238766,0.0216707,0.0203668,0.0195049,0.0188797,0.0183957,0.017985,0.0176503,0.0173822,86.9417
650,relu,relu,0.0296143,0.0168762,0.0145084,0.0129004,0.0117308,0.0109329,0.0103612,0.00991306,0.00955529,0.00926491,94.775
658,relu,relu,0.0458585,0.0335561,0.0314466,0.0302174,0.0294144,0.0288248,0.0283482,0.0279687,0.027637,0.0273593,76.4333
666,relu,relu,0.0482311,0.0349074,0.0329286,0.0318939,0.0311913,0.0306586,0.030224,0.0298601,0.0295476,0.0292846,82.575
674,relu,relu,0.0540539,0.0438627,0.0418058,0.0406609,0.0398676,0.0392849,0.0388422,0.0385109,0.0382323,0.038009,65.9083
682,relu,relu,0.0489627,0.0396942,0.037959,0.0370413,0.0364395,0.0360019,0.0356613,0.0353617,0.0351131,0.0349132,68.5667
690,relu,relu,0.0400784,0.0251112,0.0227021,0.021254,0.0202743,0.0195932,0.0190935,0.0187169,0.0183933,0.0181313,93.4083
698,relu,relu,0.0441407,0.032048,0.029971,0.0288434,0.0243397,0.0195757,0.0189213,0.0184573,0.0180678,0.0177193,86.9
706,relu,relu,0.0298817,0.0169666,0.0146607,0.013278,0.0123185,0.0115872,0.0110353,0.0105829,0.0102009,0.00989219,94.6417
714,relu,relu,0.0380883,0.0245763,0.0220649,0.0206948,0.0197414,0.0190816,0.018592,0.0182085,0.0178965,0.0176299,86.0417
722,relu,relu,0.0458248,0.0323533,0.030322,0.029257,0.0285647,0.0280386,0.0223159,0.0193663,0.0188026,0.0184125,85.1833
730,relu,relu,0.0372952,0.0243264,0.0218338,0.0205414,0.0197038,0.0191169,0.0186726,0.0183233,0.0180522,0.017822,85.925
738,relu,relu,0.0586669,0.0501345,0.0486622,0.0478488,0.047309,0.0469166,0.0466136,0.0463658,0.046152,0.0459607,66.3917
746,relu,relu,0.0302866,0.0167302,0.0146452,0.0133664,0.0124686,0.011796,0.0112563,0.0108069,0.0104353,0.0101131,94.525
754,relu,relu,0.0430238,0.0334707,0.0315634,0.0303645,0.0295721,0.0289599,0.0284742,0.0280484,0.0276823,0.0273777,76.775
762,relu,relu,0.0387489,0.0244966,0.0224604,0.0214219,0.0206383,0.0199861,0.0194366,0.0190065,0.0186699,0.018372,85.625
770,relu,relu,0.0303406,0.0170197,0.0146626,0.0132837,0.0123461,0.0116624,0.0110959,0.0106274,0.0102021,0.00982809,94.9333
778,relu,relu,0.0300078,0.0162995,0.0140244,0.0127143,0.0118466,0.011178,0.0106533,0.0102248,0.00988068,0.00957631,94.65
786,relu,relu,0.0463382,0.0353489,0.0334055,0.0322156,0.0313596,0.030692,0.0301517,0.0297062,0.02933,0.0290249,76.3583
794,relu,relu,0.0459966,0.033304,0.0309857,0.0297074,0.0289064,0.0283558,0.0279493,0.0276278,0.0273577,0.0271173,76.8
802,relu,relu,0.0430672,0.0322371,0.0303843,0.029379,0.028722,0.0282479,0.0278646,0.0275509,0.0273002,0.0270864,76.8833
810,relu,relu,0.0459582,0.0334343,0.0314066,0.0302921,0.0295265,0.0289945,0.0285662,0.0282237,0.0279297,0.0276812,82.5833
818,relu,relu,0.0423579,0.0325791,0.0305493,0.0293667,0.0285882,0.0280245,0.0275931,0.0272451,0.0269496,0.0266937,77.075
826,relu,relu,0.0299254,0.0156627,0.0135818,0.0124608,0.0116817,0.0110664,0.0105775,0.0101865,0.00984977,0.00956818,94.4917
834,relu,relu,0.0371629,0.0249873,0.0185345,0.0138627,0.012734,0.0119559,0.0113138,0.010792,0.0103755,0.0100129,94.2917
842,relu,relu,0.0461369,0.0342056,0.0318634,0.0305923,0.0297833,0.0291772,0.0286967,0.0283119,0.0279742,0.0276731,76.8417
850,relu,relu,0.0417055,0.0259074,0.023042,0.0215893,0.0205927,0.0198465,0.0193056,0.0188665,0.0184899,0.0181876,85.525
858,relu,relu,0.0359891,0.0235136,0.0218726,0.0208784,0.0201169,0.0195178,0.0190629,0.0187062,0.0184048,0.0181361,86.0833
866,relu,relu,0.0315156,0.0165176,0.0139437,0.0125121,0.0116411,0.0109942,0.0104034,0.00990722,0.00948386,0.00912074,95.2417
874,relu,relu,0.0465136,0.0355214,0.0331462,0.0318316,0.0309473,0.0303354,0.0298905,0.0295287,0.0292381,0.0289953,75.5833
882,relu,relu,0.0302852,0.0167226,0.0142405,0.0129296,0.0120158,0.0112756,0.0106437,0.0101403,0.00970718,0.0093676,94.5583
890,relu,relu,0.0392416,0.025819,0.0234116,0.0220311,0.0211476,0.0205009,0.019979,0.0195653,0.0192169,0.0189118,85.7333
898,relu,relu,0.0518223,0.0425733,0.0408223,0.0398303,0.0391501,0.0386413,0.0382529,0.0379385,0.0376645,0.0374267,66.3667
906,relu,relu,0.0402786,0.0275398,0.0250375,0.0235826,0.0225875,0.0218823,0.0213601,0.0209451,0.0205866,0.0202862,84.4667
914,relu,relu,0.0302831,0.017067,0.014757,0.0133832,0.0124273,0.0117287,0.0111977,0.010777,0.010424,0.0101163,94.2833
922,relu,relu,0.0425122,0.0274344,0.0249914,0.0235826,0.0225959,0.0218898,0.0213419,0.0209089,0.0205404,0.0202132,84.6167
930,relu,relu,0.0462239,0.0254526,0.0228756,0.0216653,0.0208565,0.0202504,0.0197467,0.0193228,0.018953,0.0186062,85.6583
938,relu,relu,0.0394794,0.0261009,0.0236686,0.02224,0.0213445,0.0207155,0.0202212,0.0198251,0.0194871,0.0191825,85.475
946,relu,relu,0.0290854,0.0171612,0.0145583,0.0130351,0.0119778,0.0112096,0.0106347,0.0101786,0.00980688,0.00949021,94.8417
954,relu,relu,0.0329947,0.0176546,0.0146429,0.0130467,0.0120945,0.0114267,0.0109197,0.0104894,0.0101254,0.00980319,94.5833
962,relu,relu,0.0395343,0.0260151,0.0235102,0.0219613,0.020934,0.0202047,0.0196574,0.0192256,0.0188714,0.0185633,84.9167
970,relu,relu,0.0486076,0.0401185,0.0387435,0.037887,0.0372355,0.0367185,0.0362996,0.0359514,0.0356693,0.0354275,68.2917
978,relu,relu,0.0306428,0.0166056,0.014078,0.0127103,0.0117567,0.0109988,0.0103827,0.00986891,0.00945789,0.00912635,94.6667
986,relu,relu,0.0685437,0.0603717,0.0586855,0.0578131,0.0572553,0.0568426,0.0565321,0.0562703,0.0560518,0.0558708,54.525
994,relu,relu,0.0339916,0.0234732,0.0215223,0.0204487,0.0197427,0.0192384,0.0188369,0.0185085,0.018221,0.017967,85.875
1002,relu,relu,0.0319685,0.0174709,0.015023,0.0136336,0.0127474,0.0120896,0.0115821,0.0111726,0.0108269,0.0104958,94.225
1010,relu,relu,0.0372495,0.0237395,0.0216891,0.0205454,0.0197772,0.019233,0.0188441,0.0185326,0.0182756,0.0180585,85.65
1018,relu,relu,0.0312096,0.0174179,0.0147101,0.0130735,0.0119912,0.011198,0.0106342,0.0101932,0.0098426,0.00954198,94.725
1026,relu,relu,0.0351729,0.023765,0.0219047,0.0208679,0.0201544,0.0196,0.0191396,0.0187515,0.0184158,0.0181185,86.5667
1034,relu,relu,0.0448076,0.0270573,0.0242855,0.0228031,0.0218424,0.0211369,0.0205991,0.020167,0.0198014,0.0194763,84.725
1042,relu,relu,0.0354472,0.0233042,0.021227,0.0200313,0.0192182,0.0186242,0.0181658,0.0178124,0.0175224,0.0172765,86.9167
1050,relu,relu,0.0497159,0.0409625,0.0393561,0.038339,0.0376126,0.0370611,0.0366183,0.0362644,0.0359736,0.035723,67.1833
1058,relu,relu,0.0304969,0.0163984,0.0136104,0.0121196,0.0111614,0.0104473,0.00988893,0.00942858,0.00905083,0.00872977,94.9417
1066,relu,relu,0.0395884,0.0259601,0.0234908,0.02213,0.0212981,0.0207193,0.020234,0.0198093,0.0194474,0.0191317,92.3417
1074,relu,relu,0.0476822,0.0393175,0.0377688,0.0366976,0.035908,0.0353048,0.0348626,0.0345297,0.034261,0.0340449,69.1667
1082,relu,relu,0.0370136,0.0247569,0.0224586,0.0211441,0.0202109,0.0195185,0.0189759,0.0185826,0.0182692,0.0180251,85.45
1090,relu,relu,0.0447813,0.0279173,0.0252663,0.0236738,0.0226167,0.0218949,0.0213608,0.0209277,0.0205669,0.0202782,84.6
1098,relu,relu,0.034249,0.0179609,0.015322,0.0137448,0.0126627,0.0119448,0.0114265,0.0110388,0.0107053,0.010397,94.75
1106,relu,relu,0.0388345,0.0270155,0.0249041,0.0236905,0.0228455,0.0221692,0.0215992,0.0211378,0.0207582,0.0204448,84.2583
1114,relu,relu,0.0356801,0.02326,0.0211288,0.0199934,0.0192676,0.0187445,0.0183264,0.0179616,0.0176473,0.0173921,85.95
1122,relu,relu,0.0315389,0.0164895,0.01394,0.0125939,0.0117107,0.0110718,0.0105795,0.0101809,0.00985983,0.00957582,95.1
1130,relu,relu,0.0376179,0.0243739,0.0222561,0.0210267,0.020143,0.0194751,0.0189621,0.0185294,0.018166,0.0178498,86.2417
1138,relu,relu,0.0403513,0.0250577,0.0225056,0.0211461,0.0203043,0.0197212,0.0192765,0.0188969,0.0185909,0.0183164,85.8917
1146,relu,relu,0.0365858,0.0243631,0.0222529,0.0210696,0.0202854,0.019726,0.019284,0.0189008,0.0185645,0.0182692,85.8
1154,relu,relu,0.0665661,0.0594933,0.0580105,0.0571378,0.0565704,0.0561377,0.055801,0.0555231,0.0552859,0.0550871,47.5417
1162,relu,relu,0.0456541,0.0331321,0.0310264,0.0299117,0.0291608,0.0285842,0.0281617,0.0278216,0.0275413,0.0272922,76.35
1170,relu,relu,0.0302296,0.0164576,0.0140442,0.0126357,0.0117325,0.0110531,0.0105234,0.0100935,0.00973859,0.00942927,94.7167
1178,relu,relu,0.0297432,0.0176563,0.0151456,0.0137351,0.0127211,0.0119693,0.0113252,0.0107772,0.0103137,0.00991319,95.0917
1186,relu,relu,0.0387837,0.026083,0.0238289,0.0224549,0.0214533,0.0206423,0.0199817,0.0195006,0.0191233,0.0187991,85.6083
1194,relu,relu,0.0376044,0.024574,0.0223872,0.0211543,0.020301,0.0196504,0.0191243,0.0186923,0.0183386,0.0180189,86.8417
1202,relu,relu,0.0371194,0.0246386,0.0222974,0.0210647,0.0202812,0.0197377,0.01932,0.0189864,0.0187028,0.0184632,86.0
1210,relu,relu,0.0352223,0.0177556,0.015002,0.0133936,0.0123108,0.0115394,0.0109259,0.0104509,0.0100592,0.0097201,94.475
1218,relu,relu,0.0493924,0.0396862,0.0313099,0.0295271,0.0286677,0.0281022,0.027663,0.0273053,0.0270037,0.0267399,76.7333
1226,relu,relu,0.035615,0.023562,0.0213777,0.0202264,0.0194598,0.0189028,0.0184778,0.0181202,0.0178167,0.0175498,85.9417
1234,relu,relu,0.0346315,0.0242578,0.0224439,0.0213774,0.0206284,0.0200716,0.0196394,0.0193017,0.0190002,0.0187328,85.2917
1242,relu,relu,0.0373392,0.0261954,0.0239958,0.0225821,0.0215373,0.0207192,0.0200752,0.0195708,0.0191685,0.0188255,84.725
1250,relu,relu,0.0385669,0.0247778,0.0223943,0.0210349,0.020168,0.0195356,0.0190365,0.0185943,0.0182185,0.0178974,85.4917
1258,relu,relu,0.0369269,0.0191636,0.0150605,0.0134557,0.0125207,0.0118714,0.0113348,0.0108714,0.0104915,0.0101811,94.6
1266,relu,relu,0.0371207,0.0240234,0.0219937,0.0208809,0.0201509,0.0195914,0.0191528,0.0187933,0.0184788,0.0182235,85.8083
1274,relu,relu,0.0395351,0.0235828,0.0212219,0.0198937,0.0190486,0.0184704,0.0180404,0.0177164,0.0174472,0.0172102,87.0417
1282,relu,relu,0.0354814,0.024571,0.022424,0.0212042,0.0203898,0.0197761,0.019287,0.0188909,0.0185581,0.0182771,93.275
1290,relu,relu,0.0347859,0.0232785,0.0211803,0.0199373,0.019143,0.0185649,0.0181261,0.0177766,0.017473,0.0172201,87.0583
1298,relu,relu,0.0291483,0.0153878,0.0130959,0.011787,0.0108481,0.0101185,0.00953951,0.00905859,0.00867033,0.00833272,95.1833
1306,relu,relu,0.0383305,0.0247935,0.0225713,0.0212566,0.0203666,0.0197132,0.0192207,0.0188508,0.0185385,0.0182725,85.7083
1314,relu,relu,0.0458695,0.0332834,0.0308926,0.0295455,0.0286724,0.0280823,0.0276585,0.027327,0.0270701,0.0268501,77.45
1322,relu,relu,0.0516,0.0411846,0.0394426,0.0383862,0.0376366,0.0371083,0.0367015,0.0363844,0.0361148,0.0358877,67.7917
1330,relu,relu,0.0418589,0.0314809,0.0296639,0.0286114,0.0278694,0.0272737,0.0268115,0.0250168,0.0200156,0.0190502,85.4583
1338,relu,relu,0.0380625,0.0247196,0.0223769,0.0212037,0.0204659,0.0199727,0.0195931,0.0192836,0.0190057,0.0187586,92.4833
1346,relu,relu,0.036905,0.0239113,0.0218281,0.0207242,0.0199886,0.0194567,0.0190491,0.0187269,0.0184611,0.0182265,85.7
1354,relu,relu,0.0431757,0.0323019,0.0305588,0.0294734,0.0286935,0.028119,0.0276721,0.0272764,0.0269174,0.0266402,76.6917
1362,relu,relu,0.0300251,0.0171468,0.0147942,0.0133463,0.0123172,0.0115096,0.0108544,0.0103232,0.00989314,0.00953714,94.9417
1370,relu,relu,0.0298469,0.0166967,0.0146219,0.013333,0.0124229,0.011742,0.0111988,0.0107431,0.0103579,0.0100301,94.5
1378,relu,relu,0.0504857,0.0402553,0.0342171,0.0324345,0.031426,0.0307004,0.030148,0.0297114,0.0293601,0.0290674,75.3
1386,relu,relu,0.0470917,0.0352844,0.0294337,0.0282396,0.0275451,0.0270584,0.026664,0.0263312,0.0260377,0.0257821,77.8917
1394,relu,relu,0.0383171,0.0255116,0.0237809,0.0227514,0.0219736,0.0212938,0.0207479,0.0202977,0.019938,0.0196417,85.8833
1402,relu,relu,0.044051,0.0336537,0.031645,0.0304847,0.0296834,0.02907,0.0285856,0.0281547,0.0277855,0.0274745,83.5583
1410,relu,relu,0.0472343,0.0355188,0.0334409,0.032217,0.0312858,0.0305719,0.0300122,0.0295587,0.0291856,0.028893,75.5
1418,relu,relu,0.0416311,0.0274111,0.0250624,0.0237371,0.0228274,0.0221487,0.0216241,0.0212031,0.0208646,0.0205674,84.2417
1426,relu,relu,0.0381667,0.0259061,0.0234677,0.0219655,0.0210306,0.0203623,0.0198762,0.0194773,0.0191502,0.0188685,85.4833
1434,relu,relu,0.0449351,0.0336758,0.0316939,0.0306288,0.0298491,0.029221,0.0286987,0.0282766,0.0279445,0.0276659,75.5167
1442,relu,relu,0.0480729,0.0395806,0.0379754,0.0370599,0.0364272,0.0359444,0.0300861,0.0272002,0.0266876,0.0263429,76.7833
1450,relu,relu,0.0313994,0.016341,0.0142281,0.0129661,0.0120765,0.0113663,0.0108116,0.0103335,0.00990509,0.00954199,94.6917
1458,relu,relu,0.0452708,0.0330361,0.0308744,0.0297127,0.0289595,0.0284128,0.0279977,0.0276689,0.0273895,0.027152,83.2
1466,relu,relu,0.0340647,0.0176806,0.014838,0.0131677,0.0120907,0.0113076,0.0107083,0.0102192,0.00980673,0.0094378,94.7
1474,relu,relu,0.0316186,0.0168974,0.0144907,0.0130875,0.0120619,0.0112877,0.0106832,0.0102222,0.00983161,0.0094652,95.0333
1482,relu,relu,0.0508896,0.0356208,0.0330804,0.0317532,0.0309214,0.0303455,0.0298893,0.0295199,0.0292132,0.0289401,75.525
1490,relu,relu,0.0355867,0.0234583,0.0213417,0.0201737,0.0194228,0.0188641,0.0184351,0.0181003,0.017815,0.0175571,86.4083
1498,relu,relu,0.0410856,0.0209951,0.0142539,0.0127006,0.0117175,0.0109759,0.0104116,0.00996948,0.0095857,0.00927427,95.1417
1506,relu,relu,0.0363685,0.0235854,0.0214484,0.0203201,0.0195702,0.0190181,0.0185775,0.0182036,0.0178803,0.0176103,85.8833
1514,relu,relu,0.0438614,0.0338928,0.0318054,0.0306047,0.0298061,0.0292075,0.0287008,0.0282549,0.0278825,0.0275622,76.825
1522,relu,relu,0.0424376,0.0260696,0.0205997,0.0141423,0.0128224,0.0120064,0.0113914,0.0108951,0.010482,0.0101368,94.1083
1530,relu,relu,0.0409595,0.0263619,0.022413,0.0210551,0.0201725,0.0195481,0.0190876,0.0187134,0.018393,0.0181183,86.3583
1538,relu,relu,0.0445288,0.0338532,0.0315969,0.0304095,0.0296636,0.0291327,0.0287205,0.0246027,0.0195463,0.0189939,86.45
1546,relu,relu,0.0359193,0.0235431,0.0215319,0.0202983,0.019478,0.0188818,0.0184158,0.018025,0.017683,0.0173885,86.8333
1554,relu,relu,0.0401917,0.0271318,0.024778,0.0234196,0.0225044,0.0218116,0.0212807,0.0208178,0.0204121,0.0200565,84.8417
1562,relu,relu,0.0310885,0.0165059,0.0140605,0.0127462,0.0119034,0.0113147,0.0108418,0.0104351,0.0100921,0.00979374,94.2167
1570,relu,relu,0.0384234,0.0265457,0.024044,0.0226258,0.0217486,0.0211568,0.0207001,0.0203133,0.0199924,0.0197211,84.5417
1578,relu,relu,0.0311161,0.0157502,0.0130057,0.0114943,0.0105746,0.00997218,0.0095234,0.0091729,0.00887678,0.00862696,95.2333
1586,relu,relu,0.0317216,0.0172937,0.0146336,0.0130648,0.0119612,0.0111272,0.0105004,0.010047,0.00967517,0.00936892,94.9333
1594,relu,relu,0.0436425,0.0340184,0.0320779,0.0308583,0.0299918,0.0293671,0.0289071,0.0285543,0.0255322,0.0180405,86.0333
1602,relu,relu,0.0395194,0.0232433,0.0211729,0.0199367,0.0190492,0.0183863,0.0178536,0.0173767,0.0169749,0.0166366,86.9583
1610,relu,relu,0.0345694,0.0231111,0.0212259,0.020172,0.0194525,0.0188838,0.0184246,0.0180511,0.0177317,0.0174452,86.95
1618,relu,relu,0.0317367,0.017056,0.014519,0.0131149,0.0122049,0.0115311,0.0109551,0.0104846,0.0101018,0.00977907,94.7167
1626,relu,relu,0.0363808,0.0239569,0.0218351,0.020734,0.0199908,0.0194227,0.0189518,0.0185635,0.0182348,0.0179631,86.7167
1634,relu,relu,0.0358998,0.0232666,0.0211678,0.0199373,0.0190752,0.0184514,0.0179527,0.0175541,0.0172006,0.0168985,86.75
1642,relu,relu,0.0370237,0.0257519,0.0232492,0.0216519,0.0205996,0.019901,0.0194077,0.0190185,0.0186958,0.0184243,86.5083
1650,relu,relu,0.0304208,0.0166878,0.014224,0.0128961,0.0120248,0.0113473,0.010782,0.010299,0.00988057,0.00954195,94.95
1658,relu,relu,0.0325369,0.016679,0.0142197,0.0129137,0.0120151,0.0113475,0.0108341,0.0104315,0.0100989,0.00980791,94.2
1666,relu,relu,0.0328422,0.0177816,0.0153027,0.0137558,0.0126034,0.0117353,0.0110428,0.0104824,0.0100345,0.0096833,95.2
1674,relu,relu,0.0307209,0.0161185,0.0137728,0.0124061,0.0114683,0.0108053,0.0102917,0.00987867,0.00953795,0.00924379,95.0833
1682,relu,relu,0.0304657,0.0170114,0.0147069,0.0134031,0.0125011,0.0117859,0.0112418,0.0108066,0.0104501,0.0101437,94.2917
1690,relu,relu,0.0375038,0.0243703,0.022142,0.0208981,0.0200603,0.0194488,0.0189442,0.01853,0.0181684,0.01787,85.925
1698,relu,relu,0.0348228,0.0236132,0.0216199,0.0204696,0.0196955,0.019103,0.0186582,0.0183152,0.0180433,0.0178171,86.225
1706,relu,relu,0.0406571,0.0265569,0.0243451,0.0232326,0.0224881,0.0219278,0.0214625,0.0210552,0.0207049,0.0204067,84.3667
1714,relu,relu,0.0290947,0.0159557,0.0135353,0.0123053,0.0115115,0.0109318,0.0104686,0.0100824,0.00977801,0.00951564,94.7
1722,relu,relu,0.0352901,0.0235915,0.0213909,0.0202006,0.0194207,0.0188381,0.0183841,0.0180056,0.0176753,0.0173986,85.8917
1730,relu,relu,0.0306258,0.0159354,0.0135651,0.0122158,0.0112549,0.0104862,0.00992309,0.00948003,0.00911783,0.00883069,95.1
1738,relu,relu,0.0387972,0.0259634,0.0236647,0.0222836,0.0213136,0.0206111,0.0200707,0.019645,0.0192672,0.0189581,85.0417
1746,relu,relu,0.0494154,0.0361632,0.0335406,0.032102,0.0311594,0.0304963,0.0300233,0.0296613,0.0293564,0.0290943,75.2
1754,relu,relu,0.0407884,0.0265712,0.0241742,0.0227463,0.0217815,0.0210762,0.0205068,0.020027,0.0196329,0.0192917,84.95
1762,relu,relu,0.0515564,0.0417913,0.0402488,0.039416,0.0388509,0.0384177,0.0380672,0.0377737,0.0375222,0.037293,67.3
1770,relu,relu,0.0441649,0.0320635,0.0303724,0.0294058,0.0287202,0.0282095,0.0278187,0.027503,0.0272423,0.0270306,76.5
1778,relu,relu,0.0405321,0.0272746,0.0247844,0.0234603,0.0226096,0.0220055,0.0215295,0.021144,0.0208283,0.0205522,84.475
1786,relu,relu,0.0411825,0.0319309,0.0300038,0.0288536,0.0280724,0.0275382,0.0271099,0.0267491,0.0264328,0.0261766,77.5833
1794,relu,relu,0.0463702,0.0354032,0.0331831,0.0320097,0.031175,0.0305594,0.0301121,0.0297463,0.0294361,0.029183,82.0583
1802,relu,relu,0.0329105,0.0162368,0.0139789,0.0127614,0.0119541,0.0113395,0.0108435,0.0104103,0.010043,0.00973174,95.1667
1810,relu,relu,0.0399849,0.0240305,0.0219768,0.0208821,0.020112,0.0195252,0.019051,0.0186708,0.0183475,0.0180603,85.85
1818,relu,relu,0.0362844,0.0244885,0.0224723,0.021134,0.0124871,0.0114248,0.0108226,0.0103723,0.0100016,0.00967732,94.5417
1826,relu,relu,0.0384176,0.0252313,0.022833,0.0215176,0.0206988,0.0200781,0.0195993,0.0191982,0.0188681,0.0185806,85.5167
1834,relu,relu,0.0299974,0.0165927,0.0142235,0.0128713,0.0119855,0.0112986,0.0107319,0.010271,0.00988774,0.00954499,95.0083
1842,relu,relu,0.0389173,0.0244886,0.0222084,0.0209195,0.0200577,0.0194485,0.0189821,0.0185919,0.0129798,0.010355,94.9833
1850,relu,relu,0.0282368,0.0162415,0.0140649,0.0127558,0.0118617,0.0111662,0.01061,0.0101471,0.00977919,0.00947967,94.9167
1858,relu,relu,0.0323278,0.0164453,0.014101,0.0129047,0.0120857,0.0114592,0.0109458,0.0104916,0.0100903,0.00975193,94.7333
1866,relu,relu,0.0341454,0.0239574,0.021961,0.0208553,0.020109,0.0195352,0.0190569,0.0186708,0.0183395,0.0180668,86.325
1874,relu,relu,0.0509653,0.0411015,0.0395707,0.0386763,0.0380062,0.0374798,0.0370723,0.036751,0.0365016,0.0362882,75.0
1882,relu,relu,0.0496523,0.0348508,0.032726,0.0314387,0.030496,0.0297839,0.0292419,0.0288191,0.0284672,0.0281517,75.8833
1890,relu,relu,0.0439721,0.0334954,0.0316405,0.0304706,0.0296484,0.0290299,0.0285377,0.028133,0.0278077,0.0275127,83.4167
1898,relu,relu,0.0324162,0.0168676,0.0143262,0.0128913,0.0119749,0.0113573,0.0108778,0.0105055,0.0102089,0.00993718,94.8833