seed,act1,act2,ratio,layout,hidden,lr,epochs,loss,status,seconds,train_acc,val_acc,val_f1,test_acc,test_f1,best_val_acc,best_val_epoch,epoch_loss,epoch_train_acc,epoch_val_acc,epoch_val_f1,test_confusion
3,relu,relu,0,interleave,128,0.003,10,ce,ok,98.0255,99.3444,97.54,97.5332,97.63,97.6032,97.7,9,0.417765|0.158298|0.106888|0.0808487|0.0649785|0.0508059|0.0418927|0.0331741|0.0274965|0.0214186,87.6733|95.2644|96.72|97.5333|97.9978|98.4178|98.6933|98.9756|99.1489|99.3444,94.38|95.78|96.4|97.08|97.28|97.56|97.52|97.64|97.7|97.54,94.3585|95.7559|96.3991|97.083|97.2886|97.5606|97.5203|97.6371|97.6971|97.5332,947|2|1|0|2|0|4|1|3|3|0|1153|1|1|4|0|0|4|0|1|1|5|937|6|9|0|3|5|1|2|1|3|3|990|1|18|0|8|3|6|0|0|2|0|975|0|4|1|2|10|0|1|3|3|3|839|7|1|6|6|3|2|0|0|4|2|977|0|3|0|0|0|2|0|4|1|1|1030|1|6|3|7|2|3|6|5|4|1|948|3|2|0|0|0|10|1|0|9|1|967
8,relu,relu,0,interleave,128,0.003,10,ce,ok,98.404,99.3089,97.46,97.4613,97.75,97.7248,97.62,9,0.415812|0.160777|0.110504|0.0819609|0.065395|0.0534385|0.0428155|0.0348313|0.0289387|0.0231765,87.8889|95.2244|96.6556|97.5356|97.9644|98.3244|98.6622|98.9356|99.1067|99.3089,93.58|95.6|96.6|96.6|97|97|97.58|97.48|97.62|97.46,93.5406|95.5919|96.5871|96.5721|97|96.995|97.5739|97.4653|97.6244|97.4613,952|0|3|1|1|0|3|1|1|1|0|1158|2|0|1|0|0|3|0|0|1|1|956|3|1|0|1|3|1|2|0|2|14|994|0|10|0|7|4|2|0|0|4|0|972|0|4|2|2|10|0|2|3|7|2|843|7|0|3|2|3|1|1|0|2|4|979|0|1|0|0|1|12|4|4|0|0|1017|1|6|3|3|7|8|2|2|3|1|951|2|3|0|0|8|11|5|0|9|1|953
5,relu,relu,0,interleave,128,0.003,10,ce,ok,98.5819,99.2689,97.5,97.5048,97.67,97.6423,97.54,9,0.412663|0.155212|0.108798|0.0832853|0.0662317|0.0541258|0.0453196|0.0361279|0.0282591|0.0241001,88.1733|95.4578|96.7489|97.5311|98.0222|98.3533|98.6378|98.8711|99.2089|99.2689,94.3|95.78|96.24|96.58|96.98|97.36|97.06|97.36|97.54|97.5,94.2639|95.7681|96.2362|96.5762|96.9763|97.3594|97.0601|97.3488|97.5348|97.5048,954|0|2|1|0|0|2|0|3|1|0|1155|1|0|3|0|0|3|2|0|2|2|953|2|2|0|2|3|2|1|0|1|8|1003|1|11|0|5|2|2|0|0|6|0|962|0|8|5|1|12|1|0|3|8|1|842|7|0|3|4|3|1|1|1|2|2|980|0|1|0|0|0|12|4|4|0|0|1012|1|12|5|3|16|3|1|4|2|1|946|1|5|0|1|8|5|1|0|6|4|960
2,relu,relu,0,interleave,128,0.003,10,ce,ok,98.7437,99.2644,97.66,97.6614,97.93,97.9106,97.66,10,0.423276|0.161023|0.111192|0.0842676|0.0681202|0.0544473|0.0433174|0.0365225|0.0305975|0.0234486,87.3467|95.2822|96.6711|97.4644|97.9711|98.2644|98.7022|98.8311|99.0156|99.2644,94|95.48|96.76|96.58|97.12|97.02|97.14|97.5|97.54|97.66,93.9731|95.4705|96.7502|96.5759|97.1187|97.0075|97.1434|97.4927|97.5382|97.6614,958|0|0|0|1|0|3|0|0|1|0|1154|1|4|1|0|0|2|2|0|3|3|942|10|3|1|2|4|1|0|0|1|3|1013|1|9|0|3|2|1|0|0|8|0|960|0|6|2|1|17|0|2|3|10|0|842|4|0|3|5|4|2|0|0|0|5|980|0|0|0|0|1|6|8|3|1|0|1019|1|6|4|6|4|7|1|3|2|1|951|3|3|0|1|2|2|0|0|7|1|974
1,relu,relu,0,interleave,128,0.003,10,ce,ok,98.8391,99.3889,97.4,97.3996,97.58,97.5623,97.74,9,0.41615|0.153012|0.104948|0.0796974|0.0640351|0.0513262|0.0413934|0.0333467|0.0269936|0.0209967,88.0289|95.44|96.88|97.6311|98.0267|98.4422|98.6822|99.0133|99.1889|99.3889,94.2|94.46|96.42|96.56|97.04|96.94|97.28|97.62|97.74|97.4,94.1912|94.4382|96.4196|96.5576|97.0376|96.9357|97.2766|97.6124|97.7416|97.3996,955|0|0|1|1|1|2|0|2|1|0|1146|1|0|12|0|0|3|1|1|2|1|938|10|6|0|1|9|2|0|1|3|4|1010|0|9|0|3|2|1|0|0|3|0|977|1|1|1|2|9|0|1|1|4|1|852|2|0|2|6|6|2|1|0|8|9|963|0|2|0|0|0|6|3|4|0|1|1014|1|16|3|4|2|8|3|7|1|2|933|19|2|0|1|2|7|2|0|5|1|970
7,relu,relu,0,interleave,128,0.003,10,ce,ok,99.1187,99.2489,97.48,97.4884,97.62,97.5937,97.64,8,0.421892|0.161072|0.112169|0.0839488|0.0676006|0.0547751|0.0440405|0.035274|0.0286819|0.0238431,87.6933|95.2178|96.5956|97.4489|97.9422|98.2778|98.7022|98.9333|99.1067|99.2489,94.26|95.9|96.84|96.46|97.26|97.36|97.46|97.64|97.42|97.48,94.24|95.9|96.8382|96.4895|97.2602|97.3639|97.4552|97.6467|97.4193|97.4884,950|0|1|1|1|0|3|0|6|1|0|1153|1|1|1|0|0|3|5|0|0|4|934|12|4|0|2|7|6|0|0|0|3|1013|0|11|0|4|2|0|1|1|5|0|964|0|4|1|2|16|0|2|2|16|0|838|2|0|7|2|4|1|1|2|1|4|969|0|9|0|1|0|7|8|6|0|0|1016|1|6|2|2|2|6|0|3|0|0|966|1|3|1|0|7|6|5|0|4|5|959
6,relu,relu,0,interleave,128,0.003,10,ce,ok,99.1661,99.2911,97.68,97.6709,97.85,97.8189,97.76,7,0.42512|0.158166|0.10821|0.0842187|0.0662397|0.0547325|0.0432147|0.0359608|0.0281652|0.0225668,87.7711|95.3244|96.7|97.3667|97.9844|98.2778|98.6933|98.9022|99.1511|99.2911,93.98|95.84|96.68|97.04|97.18|97.46|97.76|97.5|97.38|97.68,93.9472|95.8398|96.6808|97.0341|97.1831|97.4494|97.7621|97.4925|97.3897|97.6709,953|0|0|0|1|0|4|0|3|2|0|1154|1|2|3|0|0|3|1|0|2|3|941|5|3|1|2|8|3|1|1|0|5|1009|0|11|0|4|3|0|0|0|4|0|976|0|4|2|1|7|2|1|3|11|1|840|5|0|4|2|4|1|0|1|2|2|979|0|2|0|0|0|7|1|3|0|0|1029|1|4|5|7|2|2|0|4|2|1|956|3|3|0|0|6|10|6|0|14|3|948
4,relu,relu,0,interleave,128,0.003,10,ce,ok,99.3425,99.3044,97.62,97.6097,97.75,97.7225,97.62,10,0.428174|0.160485|0.110784|0.0840571|0.067626|0.0549563|0.0432066|0.035476|0.0298083|0.023276,87.6867|95.42|96.7156|97.4844|97.9378|98.2844|98.6689|98.9156|99.0689|99.3044,94.16|95.92|96.72|96.74|96.86|97.08|97.58|97.4|97.34|97.62,94.1487|95.9253|96.7188|96.7316|96.8677|97.081|97.5895|97.3997|97.3384|97.6097,947|0|0|0|1|0|7|0|5|3|0|1151|1|0|1|0|0|3|8|0|0|3|939|3|6|1|5|3|9|0|0|3|7|991|1|13|0|8|8|2|0|0|3|0|977|1|4|1|1|7|0|0|2|13|1|839|2|0|9|3|3|1|0|0|2|4|979|0|2|0|0|2|3|2|5|0|1|1027|1|4|4|4|0|2|1|3|1|1|965|1|2|0|1|1|10|3|0|8|5|960
9,relu,relu,0,interleave,128,0.003,10,ce,ok,96.6468,99.3289,97.7,97.6976,97.89,97.8648,97.7,10,0.421585|0.163779|0.111012|0.0844607|0.067431|0.0555885|0.04469|0.0360422|0.0288365|0.0225766,88.0133|95.0311|96.6867|97.4356|97.9356|98.2822|98.6089|98.8867|99.1333|99.3289,94.08|95.12|96.14|97.04|97.06|97.28|96.92|97.5|97.4|97.7,94.0552|95.0991|96.1196|97.0238|97.0496|97.2714|96.9228|97.4859|97.4001|97.6976,958|0|0|0|1|0|0|0|2|2|0|1155|1|1|3|0|0|2|1|1|2|3|947|3|3|1|1|7|0|2|0|0|10|999|1|12|0|8|1|2|0|0|4|0|976|0|5|2|2|5|1|0|3|7|1|846|5|0|3|3|5|1|0|1|2|3|976|0|3|0|0|2|9|2|2|2|0|1022|1|5|3|3|2|8|3|4|4|1|947|7|4|0|1|3|9|2|0|8|0|963
11,relu,relu,0,interleave,128,0.003,10,ce,ok,96.5556,99.3711,97.52,97.5253,97.47,97.4497,97.52,10,0.424072|0.161429|0.109474|0.0825702|0.0653936|0.052257|0.0415322|0.0329945|0.0260562|0.0216965,87.4622|95.3089|96.8111|97.5089|98.0378|98.4422|98.7489|98.98|99.2667|99.3711,94.46|95.78|96.58|96.74|96.66|97.06|97.42|97.28|97.38|97.52,94.4401|95.7667|96.5621|96.741|96.6629|97.0613|97.4184|97.2686|97.3798|97.5253,942|0|0|0|1|1|5|0|12|2|0|1151|1|1|1|0|0|2|6|2|1|8|918|7|2|4|1|7|17|4|0|2|4|998|0|13|0|4|9|3|0|0|3|0|951|1|6|2|2|29|0|0|2|4|1|853|1|0|5|3|3|2|0|0|3|5|975|0|3|0|0|1|3|5|3|0|0|1014|1|18|0|4|0|3|0|5|0|0|968|2|1|0|0|1|2|4|0|3|2|977
10,relu,relu,0,interleave,128,0.003,10,ce,ok,96.7803,99.2711,97.58,97.5757,97.81,97.7795,97.68,9,0.419986|0.161357|0.111698|0.0846356|0.0676259|0.0534462|0.0437374|0.0357901|0.0310171|0.0245072,87.9311|95.3178|96.6022|97.4956|97.8911|98.3956|98.6756|98.8622|99.0289|99.2711,94.1|95.9|95.86|97.1|96.62|97.02|97.12|96.72|97.68|97.58,94.0729|95.8943|95.832|97.0963|96.6231|97.0382|97.1211|96.736|97.6881|97.5757,952|0|0|1|1|2|3|0|3|1|0|1150|1|1|2|0|0|4|6|0|2|1|947|3|2|1|1|9|1|2|0|1|8|999|0|14|0|7|2|2|0|0|1|0|974|1|5|2|1|10|0|0|4|5|2|845|4|0|3|6|5|0|0|1|2|3|979|0|1|0|0|0|8|0|4|0|0|1025|1|7|4|2|3|10|2|5|3|1|944|8|3|0|0|0|8|4|0|9|0|966
13,relu,relu,0,interleave,128,0.003,10,ce,ok,96.6688,99.3267,97.62,97.6125,97.74,97.7132,97.62,10,0.417895|0.158866|0.10857|0.0830998|0.0628415|0.0516884|0.0400938|0.0338854|0.0285914|0.0220176,87.8467|95.3644|96.7489|97.46|98.0778|98.4133|98.7667|98.9844|99.0844|99.3267,94.1|96.02|96.5|97.18|97.46|97.5|97.26|97.32|97.18|97.62,94.079|96.0189|96.4984|97.1823|97.4523|97.4971|97.2739|97.3233|97.1736|97.6125,955|0|0|1|1|0|3|0|2|1|0|1151|1|2|0|0|0|3|6|1|2|2|943|5|2|0|1|7|7|0|1|0|5|993|1|21|0|5|4|3|0|1|4|1|958|2|5|2|3|18|0|1|3|1|0|853|3|1|4|3|3|1|0|1|2|5|975|0|4|0|1|1|9|2|2|1|0|1021|1|7|5|3|1|0|0|4|2|1|964|2|4|1|2|2|5|4|0|7|4|961
14,relu,relu,0,interleave,128,0.003,10,ce,ok,96.4266,99.2956,97.44,97.4311,97.47,97.4377,97.56,9,0.422016|0.161114|0.109524|0.086766|0.0670906|0.0548059|0.0433097|0.0367312|0.0292715|0.0234916,87.78|95.2911|96.7333|97.3311|97.9289|98.2667|98.6622|98.9222|99.1044|99.2956,94.14|95.62|96.7|97|97.08|97.12|97.52|96.66|97.56|97.44,94.1265|95.5949|96.6858|96.9936|97.0719|97.1192|97.5172|96.6494|97.5539|97.4311,952|0|0|0|2|0|4|0|3|2|0|1155|1|0|3|0|0|4|1|0|1|3|945|1|5|1|2|7|4|0|0|3|9|985|1|13|0|9|10|3|0|0|5|0|972|1|8|2|1|5|0|2|5|4|1|834|10|0|7|6|3|1|1|0|0|1|984|0|1|0|0|0|5|1|6|0|2|1019|1|11|6|6|2|3|2|2|7|2|948|4|3|0|0|2|18|4|0|9|1|953
12,relu,relu,0,interleave,128,0.003,10,ce,ok,96.9023,99.3533,97.38,97.3745,97.71,97.6841,97.7,7,0.422005|0.155985|0.108837|0.0817989|0.0649824|0.0534508|0.0435105|0.0360761|0.0279322|0.0216942,87.6444|95.3467|96.8|97.5556|98.0422|98.3467|98.6333|98.8667|99.18|99.3533,94.38|96.2|96.16|96.5|96.96|97.3|97.7|97.66|97.64|97.38,94.3638|96.193|96.1802|96.4835|96.9609|97.288|97.6899|97.6536|97.6345|97.3745,958|0|0|0|1|0|1|0|1|2|0|1147|2|2|5|0|1|2|3|2|1|3|940|12|2|0|2|4|2|3|1|2|4|1007|0|10|0|4|2|3|3|0|2|0|955|0|6|4|1|23|2|1|2|14|0|832|4|1|6|7|5|0|0|1|2|2|977|0|4|0|1|0|4|2|1|0|0|1025|1|11|7|0|2|3|0|1|2|1|953|13|3|0|0|1|1|2|0|6|0|977
15,relu,relu,0,interleave,128,0.003,10,ce,ok,96.8802,99.3267,97.72,97.7223,97.71,97.6874,97.72,8,0.418803|0.162288|0.110175|0.0838189|0.0670783|0.0543186|0.043788|0.0349857|0.0281426|0.0220054,87.8733|95.1333|96.66|97.5133|97.9289|98.3511|98.6378|98.8533|99.1711|99.3267,94.22|95.76|96.8|96.62|97.52|96.94|97.34|97.72|97.56|97.72,94.1937|95.7357|96.7991|96.6393|97.516|96.943|97.3255|97.7264|97.5574|97.7223,954|0|0|0|1|1|3|0|2|2|0|1145|1|1|2|0|0|7|8|0|3|2|941|1|2|0|1|9|9|1|0|1|7|985|0|18|0|10|7|5|1|0|5|0|965|1|7|4|1|10|0|2|3|1|1|850|4|1|5|2|5|0|0|0|1|2|976|0|7|0|0|0|8|2|2|0|0|1027|1|5|4|0|0|0|3|2|2|1|969|1|3|0|2|1|9|7|0|8|1|959
16,relu,relu,0,interleave,128,0.003,10,ce,ok,97.2587,99.3067,97.7,97.6942,97.82,97.7952,97.78,8,0.424996|0.158341|0.106784|0.0826969|0.0641017|0.0515314|0.043301|0.0328031|0.0274181|0.0233145,87.5778|95.3556|96.82|97.4667|98.0622|98.3533|98.6667|99.0311|99.1667|99.3067,94.3|95.64|96.58|96.98|97.44|97.62|97.44|97.78|97.24|97.7,94.2881|95.639|96.5838|96.9733|97.4304|97.6155|97.4298|97.7813|97.2384|97.6942,952|0|1|0|1|1|4|0|2|2|0|1148|2|2|4|0|0|4|4|0|0|2|943|5|4|1|2|5|5|2|0|3|5|995|0|19|0|8|3|0|0|0|2|0|978|0|7|0|2|5|0|2|2|3|0|854|2|0|4|2|3|1|0|1|1|7|977|0|1|0|0|0|10|3|5|1|0|1015|3|8|2|3|3|3|1|12|1|0|956|1|2|0|0|3|9|4|0|5|3|964
17,relu,relu,0,interleave,128,0.003,10,ce,ok,99.4742,99.2422,97.78,97.7798,97.85,97.8274,97.78,10,0.425336|0.15835|0.108588|0.0832896|0.0649307|0.0525783|0.0418029|0.0342901|0.0284262|0.0236581,87.62|95.2644|96.7444|97.4667|97.9556|98.36|98.6956|98.9667|99.1644|99.2422,94.42|95.98|96.46|96.6|97.26|97.14|97|97.22|97.28|97.78,94.4165|95.9795|96.433|96.6007|97.2585|97.1268|96.9944|97.2128|97.2939|97.7798,950|0|1|1|1|1|3|0|4|2|0|1152|1|1|2|0|0|3|3|2|0|2|942|9|5|0|2|6|2|1|0|0|5|1010|0|8|0|5|3|2|0|0|4|0|969|0|3|3|1|14|0|0|2|11|2|842|3|0|5|4|3|1|0|1|1|4|979|0|2|0|0|0|6|5|4|0|0|1022|1|7|1|1|5|7|2|2|1|1|956|6|3|0|0|5|7|3|0|8|1|963
19,relu,relu,0,interleave,128,0.003,10,ce,ok,99.3041,99.3111,97.92,97.9234,98.01,97.9818,97.92,10,0.421904|0.160651|0.110104|0.082847|0.0656265|0.052144|0.042826|0.0342599|0.0276916|0.0231263,87.6089|95.2978|96.7533|97.5311|97.9733|98.3889|98.7044|98.9444|99.1467|99.3111,93.6|96.04|96.6|97.14|97.4|97.4|97.68|97.6|97.48|97.92,93.6176|96.0301|96.5905|97.1315|97.3938|97.409|97.6796|97.6031|97.4831|97.9234,952|0|1|0|1|1|3|0|2|3|0|1153|1|3|0|0|0|4|3|0|2|1|939|8|3|1|3|8|1|3|0|0|3|1014|0|9|0|4|1|2|0|0|3|0|966|1|6|6|2|10|0|1|2|11|2|841|5|0|4|3|4|1|0|1|1|2|980|0|2|0|0|1|2|3|4|0|0|1029|0|6|4|3|2|6|1|5|1|0|956|4|3|0|0|1|3|4|0|8|0|971
18,relu,relu,0,interleave,128,0.003,10,ce,ok,99.3851,99.2111,97.5,97.5046,97.85,97.8165,97.52,9,0.425786|0.162873|0.113232|0.0844367|0.0674085|0.0542705|0.0438069|0.0352713|0.0278842|0.0248945,87.3689|95.2244|96.5756|97.46|97.9511|98.3222|98.7111|98.8933|99.1467|99.2111,94.32|96.1|96.24|97.06|96.86|97.22|97.1|97.18|97.52|97.5,94.3038|96.0993|96.228|97.0466|96.8553|97.2183|97.0896|97.184|97.523|97.5046,956|0|0|0|1|0|2|0|2|2|0|1154|2|1|2|0|0|3|2|0|3|3|934|3|3|1|3|9|7|3|0|0|4|997|0|16|0|10|3|3|0|0|2|0|962|2|6|3|2|17|0|0|2|3|0|852|4|0|6|2|4|0|1|0|2|4|979|0|1|0|0|0|4|1|2|1|0|1030|1|6|4|4|0|4|1|8|2|0|957|2|3|0|0|4|3|7|0|7|2|964
20,relu,relu,0,interleave,128,0.003,10,ce,ok,99.8882,99.2044,97.92,97.9264,97.8,97.7729,97.92,10,0.41732|0.160911|0.110753|0.0862346|0.068534|0.0544124|0.0463794|0.0356634|0.0301022|0.0247878,87.9844|95.2667|96.7556|97.3178|97.8667|98.2978|98.56|98.8511|99.08|99.2044,94.06|95.84|96.38|96.88|97.28|97.52|97.56|97.58|97.38|97.92,94.0358|95.8213|96.3965|96.887|97.2778|97.5238|97.5598|97.585|97.3946|97.9264,953|0|1|0|0|0|5|0|2|2|0|1154|1|2|3|0|0|3|1|0|2|2|938|15|5|1|1|4|1|0|0|0|4|1013|1|10|0|4|1|0|0|0|3|0|978|0|4|2|1|6|1|0|4|9|1|843|5|0|4|2|3|1|1|1|1|3|980|0|1|0|0|1|7|4|8|0|0|1021|1|3|3|1|4|8|3|3|5|1|952|2|4|0|1|6|14|4|0|12|1|948
1,tanh,tanh,0,interleave,128,0.01,10,ce,ok,107.432,99.7178,97.28,97.2959,97.58,97.5519,97.68,9,0.299248|0.137639|0.0950807|0.0735971|0.0545784|0.0430695|0.033629|0.0222273|0.0191121|0.0103155,91.0889|95.78|97.0511|97.6444|98.2578|98.5889|98.8867|99.2667|99.38|99.7178,94.64|95.18|96.66|96.52|96.66|96.94|96.84|97.44|97.68|97.28,94.6346|95.1821|96.6602|96.5338|96.6526|96.951|96.8253|97.4336|97.6785|97.2959,952|0|0|1|1|1|1|0|4|3|0|1143|1|3|4|0|0|3|7|3|2|1|938|5|7|1|1|8|5|1|0|1|2|1006|1|9|0|5|4|5|0|0|5|0|964|0|2|1|1|21|2|1|4|7|2|836|2|0|8|7|5|1|3|0|3|12|963|0|3|1|1|0|5|0|5|0|0|1016|0|18|4|0|2|3|1|1|0|1|961|9|1|0|1|2|4|1|0|2|0|979
3,tanh,tanh,0,interleave,128,0.01,10,ce,ok,107.033,99.68,97.58,97.5835,97.57,97.5353,97.58,10,0.303433|0.139463|0.0970474|0.0736836|0.0552963|0.0445204|0.0322021|0.0232621|0.0173107|0.0108332,90.8956|95.78|96.9533|97.6533|98.2778|98.5578|98.9756|99.2756|99.4222|99.68,95.08|95.88|96.46|96.62|97.14|97.54|97.5|97.34|97.5|97.58,95.0761|95.8674|96.4656|96.6128|97.1396|97.5226|97.5|97.3453|97.4996|97.5835,949|1|1|0|1|2|3|0|3|3|0|1148|2|2|3|0|0|5|2|2|1|1|949|4|4|0|2|3|4|1|0|0|10|1000|1|8|0|7|3|4|0|0|3|0|965|0|4|2|1|19|0|0|4|9|2|825|4|0|14|11|3|0|4|0|2|2|977|0|3|0|0|0|7|0|4|0|0|1028|1|5|2|3|6|7|1|1|3|2|954|3|2|0|0|3|8|1|0|11|3|962
4,tanh,tanh,0,interleave,128,0.01,10,ce,ok,106.647,99.6511,97.68,97.6821,97.88,97.8671,97.68,10,0.302447|0.138351|0.095404|0.0692008|0.0533585|0.0412935|0.0291945|0.0216192|0.0176107|0.0117644,91.0356|95.7667|97.0111|97.8022|98.3089|98.6778|99.0822|99.3267|99.4067|99.6511,94.88|96.46|96.66|97.24|96.84|97.38|97.44|97.58|97.5|97.68,94.8544|96.4731|96.6676|97.2368|96.8451|97.3729|97.4367|97.5846|97.503|97.6821,950|0|0|0|1|0|4|0|4|4|0|1142|1|0|4|0|0|5|10|2|2|2|945|4|3|0|4|6|3|0|0|4|7|990|1|15|0|6|2|8|0|0|2|0|979|1|5|2|1|4|0|1|1|4|1|852|2|0|6|2|2|0|0|0|2|5|980|0|2|0|0|0|7|1|6|1|0|1023|0|7|3|1|2|4|0|3|3|0|961|5|1|0|0|2|13|1|0|4|3|966
2,tanh,tanh,0,interleave,128,0.01,10,ce,ok,107.681,99.6911,97.5,97.5051,97.76,97.7301,97.62,8,0.300097|0.134823|0.093784|0.0709214|0.0540554|0.0401698|0.0306709|0.0232632|0.0173162|0.0112978,91.0978|95.9844|97.0844|97.7044|98.3133|98.7644|99.0089|99.2422|99.4578|99.6911,93.9|96.5|96.72|96.5|97.16|97.22|97.24|97.62|97.42|97.5,93.8928|96.4993|96.7105|96.5216|97.1611|97.2107|97.2422|97.6202|97.4265|97.5051,954|0|1|0|1|1|2|0|2|2|0|1153|1|2|3|0|0|3|2|0|4|4|938|6|3|1|2|8|3|0|1|0|5|996|0|22|0|6|2|1|0|0|5|0|971|1|4|2|1|10|1|2|2|8|0|845|4|0|3|4|5|1|2|1|1|1|977|0|3|0|0|3|4|0|4|0|0|1027|1|6|4|4|3|5|2|5|2|1|954|2|6|1|0|3|10|2|0|7|0|961
5,tanh,tanh,0,interleave,128,0.01,10,ce,ok,109.529,99.6778,97.32,97.3176,97.63,97.6003,97.48,9,0.301786|0.1392|0.0982876|0.073164|0.05494|0.0431528|0.0315141|0.0241865|0.017098|0.0107056,90.9022|95.7244|96.8978|97.7|98.24|98.5822|99.0267|99.2533|99.4844|99.6778,94.56|95.18|96.46|96.58|97|96.98|97|97.2|97.48|97.32,94.5387|95.1777|96.4572|96.5846|96.9864|96.9638|97.0041|97.2046|97.4819|97.3176,949|0|0|1|1|0|7|0|4|1|0|1156|2|0|1|0|1|3|0|1|1|3|945|3|5|0|6|4|2|0|0|4|7|1001|1|8|0|7|5|0|0|1|5|0|965|0|10|2|1|10|1|0|2|11|1|830|15|0|7|2|1|0|0|0|0|0|989|0|1|0|0|0|6|2|7|1|0|1016|1|12|2|3|1|3|1|2|8|0|961|1|2|1|1|2|19|1|0|7|6|951
6,tanh,tanh,0,interleave,128,0.01,10,ce,ok,110.057,99.6756,97.68,97.681,97.85,97.8232,97.68,10,0.297895|0.136559|0.0964923|0.0719635|0.0569448|0.0424453|0.0319572|0.023403|0.0145035|0.0110232,91.0556|95.8867|96.9956|97.7489|98.1822|98.5533|98.9489|99.2778|99.5822|99.6756,94.6|96.24|96.68|96.54|97.46|97.46|97.4|97.54|97.58|97.68,94.5768|96.246|96.6819|96.5639|97.4758|97.4669|97.4057|97.5397|97.5817|97.681,955|0|0|0|1|0|3|0|2|2|0|1156|1|0|2|0|0|4|0|1|1|3|942|6|5|0|0|6|6|0|1|2|4|1001|1|12|0|7|4|1|0|0|2|0|964|0|6|5|1|16|1|0|4|5|1|836|4|0|9|9|4|1|1|0|3|3|976|0|3|0|0|1|1|2|2|0|0|1032|1|6|2|5|2|2|1|0|1|1|964|4|2|0|0|3|9|1|0|12|4|959
7,tanh,tanh,0,interleave,128,0.01,10,ce,ok,110.15,99.6178,97.54,97.5408,97.58,97.5614,97.54,10,0.302224|0.138869|0.0998191|0.0730115|0.0562224|0.0414046|0.0307653|0.0231582|0.0170281|0.0127251,90.8444|95.7978|96.9044|97.6311|98.2089|98.6778|99.0267|99.2178|99.4778|99.6178,95.02|96.04|96.8|96.32|96.84|97.28|97.32|97.22|97.48|97.54,95.0142|96.0377|96.8012|96.3471|96.8414|97.2845|97.3258|97.2318|97.4757|97.5408,952|0|1|1|1|2|2|0|2|2|0|1153|1|1|4|0|0|4|0|1|1|5|942|9|4|0|1|5|2|0|0|2|4|1009|0|6|0|9|2|1|0|1|4|0|962|1|4|5|1|16|0|3|2|14|1|830|6|0|7|6|7|1|0|3|2|1|971|0|6|0|1|1|4|3|4|0|0|1022|0|10|2|6|6|3|0|2|2|1|954|6|1|1|0|6|9|0|0|9|1|963
8,tanh,tanh,0,interleave,128,0.01,10,ce,ok,109.857,99.6844,97.54,97.5491,97.68,97.6517,97.68,7,0.300458|0.138852|0.0998324|0.073421|0.0554916|0.0412884|0.032147|0.0246577|0.0185248|0.0123549,91.0378|95.7667|96.9089|97.6178|98.1978|98.6733|98.9489|99.22|99.4022|99.6844,93.92|95.92|96.62|96.88|96.98|97.06|97.68|97.4|97.58|97.54,93.8657|95.9141|96.6153|96.8746|96.9908|97.0711|97.6856|97.4112|97.5925|97.5491,952|0|0|1|1|0|1|0|7|1|0|1149|2|1|2|1|0|4|3|2|5|2|940|3|2|0|3|6|7|1|1|1|6|1000|0|9|0|10|5|1|0|0|4|0|973|0|4|2|2|9|2|1|4|9|1|830|6|0|10|6|4|2|1|0|3|1|978|0|2|0|0|2|5|2|3|0|0|1025|1|7|4|3|4|3|1|1|2|0|963|1|5|0|0|6|5|2|0|10|4|958
9,tanh,tanh,0,interleave,128,0.01,10,ce,ok,109.716,99.7511,97.64,97.6343,97.86,97.8298,97.64,10,0.304134|0.140721|0.0982841|0.071844|0.055864|0.0418547|0.0318001|0.0213333|0.0136568|0.00896841,90.8133|95.6756|96.9667|97.74|98.1533|98.7067|98.9356|99.3|99.5933|99.7511,94.98|95.02|95.04|96.64|97.08|97.06|97|97.28|97.12|97.64,94.9699|95.0168|95.0508|96.6473|97.0789|97.066|97.0031|97.2825|97.1101|97.6343,951|0|1|1|1|1|4|1|2|1|0|1153|1|1|3|0|0|3|2|1|2|3|938|7|7|1|1|3|5|2|0|0|2|1003|1|11|0|6|8|2|1|0|2|0|975|0|3|2|1|10|1|2|3|5|0|842|4|0|8|4|3|0|1|0|4|6|974|0|3|0|0|2|6|2|4|1|0|1022|1|7|3|3|1|4|0|4|0|1|963|3|2|0|0|1|7|4|0|9|2|965
12,tanh,tanh,0,interleave,128,0.01,10,ce,ok,109.654,99.66,97.44,97.44,97.48,97.4494,97.54,9,0.302766|0.13865|0.0985797|0.0735575|0.0577489|0.0436802|0.0337314|0.0246913|0.0188941|0.0121902,90.96|95.8533|97.0044|97.6867|98.1422|98.4978|98.8467|99.2022|99.3889|99.66,94.9|96.04|95.94|96.8|96.58|97.08|97.28|96.78|97.54|97.44,94.8835|96.0403|95.9543|96.7988|96.579|97.0878|97.2811|96.8019|97.5345|97.44,956|0|0|1|1|0|4|0|0|1|0|1153|1|2|1|0|0|3|2|2|5|3|931|5|5|1|5|9|3|2|1|0|6|1009|1|9|0|4|1|2|2|1|3|0|964|0|4|2|1|17|1|0|0|16|0|834|4|0|4|10|4|0|0|1|2|4|977|1|2|0|0|1|5|2|5|1|0|1018|0|13|3|1|2|20|2|3|1|1|938|11|3|0|0|6|7|2|0|4|0|968
10,tanh,tanh,0,interleave,128,0.01,10,ce,ok,110.022,99.7289,97.54,97.5431,97.68,97.6592,97.54,9,0.300045|0.138703|0.0972041|0.0715026|0.0540982|0.0419627|0.033185|0.024387|0.0189711|0.0104435,91.0933|95.8022|96.9644|97.8156|98.26|98.6444|98.9133|99.1911|99.3911|99.7289,95|96.14|95.06|96.5|97.26|97|97.34|96.62|97.54|97.54,94.9921|96.15|95.0839|96.5084|97.262|97|97.3289|96.6315|97.5441|97.5431,947|0|1|1|2|3|3|0|5|1|0|1146|1|1|3|0|0|4|9|0|2|2|943|5|5|2|3|4|3|0|0|3|3|1005|0|9|0|8|3|2|0|0|1|0|976|0|4|5|1|7|0|0|4|9|1|849|2|0|3|1|4|0|1|0|3|6|969|1|7|0|0|0|3|1|2|0|0|1032|1|6|3|3|5|4|1|4|0|0|957|5|2|0|0|1|18|3|0|20|2|944
11,tanh,tanh,0,interleave,128,0.01,10,ce,ok,109.963,99.6067,97.72,97.7211,97.95,97.924,97.72,10,0.304913|0.140637|0.0958274|0.0722674|0.05537|0.0419188|0.0314927|0.022258|0.0160759|0.0125771,90.88|95.6889|97.0689|97.6911|98.2178|98.6089|98.9756|99.2933|99.4756|99.6067,95.06|95.46|96.6|97.1|96.86|97.12|97.6|97.38|97.2|97.72,95.0566|95.4533|96.58|97.0941|96.8494|97.1186|97.5991|97.3727|97.2058|97.7211,951|0|0|0|1|1|4|0|3|3|0|1152|1|1|2|0|0|3|4|1|3|1|949|2|3|3|2|4|2|0|1|1|8|1003|0|11|0|5|2|2|0|0|3|0|978|1|4|1|2|5|0|0|1|7|0|850|6|0|3|2|2|1|2|0|1|5|978|0|2|0|0|0|6|3|6|0|0|1016|1|13|2|3|1|0|1|4|4|0|963|4|2|0|0|1|18|4|0|7|3|955
13,tanh,tanh,0,interleave,128,0.01,10,ce,ok,108.422,99.6489,97.54,97.5505,97.39,97.364,97.62,7,0.303035|0.137937|0.0980101|0.0733727|0.0530092|0.0411668|0.0281526|0.0217256|0.0153934|0.0119571,90.9489|95.8489|96.9244|97.6311|98.2956|98.6822|99.0933|99.3111|99.5578|99.6489,94.64|96.28|96.66|97.14|97.1|97.48|97.62|97.32|97.4|97.54,94.6072|96.2786|96.6678|97.1297|97.0872|97.4729|97.6224|97.3239|97.3931|97.5505,950|0|0|1|1|1|4|0|5|1|0|1151|1|2|1|0|0|3|3|3|2|2|945|6|1|0|5|3|5|0|0|4|8|996|0|12|0|6|7|0|1|1|7|0|938|0|9|2|3|33|1|0|1|8|1|844|5|0|5|4|0|1|2|1|2|6|976|0|3|0|0|2|10|3|2|0|0|1010|2|16|5|1|1|2|0|5|3|0|962|3|2|0|0|4|4|3|0|4|6|967
14,tanh,tanh,0,interleave,128,0.01,10,ce,ok,108.205,99.6533,97.8,97.8013,97.79,97.7663,97.8,10,0.297701|0.138647|0.0948265|0.0730579|0.0534423|0.0411075|0.0314732|0.0236509|0.0190026|0.0121897,90.9889|95.7556|97.0467|97.6689|98.3044|98.6067|98.9867|99.2422|99.3978|99.6533,94.42|95.7|96.96|97.12|97.24|96.9|97.4|96.56|97.28|97.8,94.3851|95.6969|96.9514|97.1218|97.2399|96.9159|97.404|96.5609|97.2865|97.8013,950|0|1|0|1|1|3|0|5|2|0|1154|1|0|3|0|1|4|1|0|0|3|946|6|2|1|2|3|6|0|0|5|2|994|0|13|0|8|7|4|0|0|4|0|968|2|5|1|2|12|1|2|2|6|1|844|4|0|4|5|1|0|0|0|2|3|983|0|2|0|0|1|8|2|3|1|0|1022|0|8|3|4|4|2|2|2|6|1|955|3|2|1|0|2|9|3|0|7|3|963
15,tanh,tanh,0,interleave,128,0.01,10,ce,ok,108.545,99.66,97.7,97.7156,97.57,97.5483,97.76,9,0.296763|0.138234|0.0952423|0.0727988|0.0562003|0.0408745|0.0311029|0.0227207|0.0164093|0.0120757,91.1778|95.6822|97.0089|97.6933|98.2267|98.6533|99.0378|99.2511|99.4933|99.66,94.92|96|96.18|96.46|97.4|96.54|97.22|97.56|97.76|97.7,94.8968|95.9835|96.1977|96.5019|97.4034|96.543|97.2163|97.5592|97.7645|97.7156,951|0|3|0|1|2|2|0|2|2|0|1143|4|0|0|0|0|12|5|0|1|1|952|2|4|0|1|6|2|0|0|2|7|988|0|15|0|13|3|5|1|1|6|0|961|1|6|5|1|12|1|1|4|7|0|843|3|0|4|6|6|0|1|0|1|5|976|0|2|0|0|0|5|1|2|0|0|1032|0|5|5|2|7|3|0|5|2|2|954|2|2|0|2|3|4|3|0|16|3|957
16,tanh,tanh,0,interleave,128,0.01,10,ce,ok,108.589,99.6533,97.68,97.6788,97.67,97.6447,97.68,10,0.303186|0.139624|0.0977106|0.074884|0.0562456|0.0415119|0.0343135|0.0237714|0.0174646|0.0124171,90.9467|95.8111|96.9178|97.6333|98.2178|98.7|98.8689|99.2533|99.4667|99.6533,95.08|95.9|96.82|96.96|96.88|97.64|97.1|97.6|97.64|97.68,95.0694|95.9073|96.816|96.9571|96.8627|97.6335|97.0899|97.5983|97.6411|97.6788,955|0|0|1|2|1|2|0|2|0|0|1154|1|1|3|0|0|4|1|0|0|3|944|5|1|0|3|3|10|0|0|3|6|992|0|14|0|8|9|1|0|1|2|0|974|1|7|1|2|6|0|1|2|7|1|848|4|0|4|2|3|1|0|0|2|5|977|0|3|0|0|4|8|1|9|1|0|1018|1|3|3|2|5|1|1|4|3|1|961|1|5|0|1|2|17|5|0|7|9|944
18,tanh,tanh,0,interleave,128,0.01,10,ce,ok,107.915,99.6911,97.74,97.7449,97.76,97.7328,97.74,8,0.299982|0.135286|0.0952754|0.0674941|0.0520923|0.039761|0.0305622|0.0196821|0.0160143|0.0114587,90.9956|95.8422|97.0444|97.8822|98.3422|98.7311|99.06|99.4022|99.5267|99.6911,94.48|96.28|96.72|97.52|97.02|97.62|97.34|97.74|97.22|97.74,94.4738|96.272|96.7063|97.5199|97.0243|97.6213|97.3291|97.7442|97.227|97.7449,953|0|0|1|1|2|3|0|1|2|0|1155|2|1|1|0|0|3|2|0|1|1|951|2|4|0|2|5|3|0|0|2|9|988|0|19|0|10|4|1|0|1|2|0|970|1|3|2|2|13|0|0|3|5|0|852|2|0|5|2|3|1|4|0|3|9|971|0|0|0|1|1|5|0|6|0|0|1026|0|6|4|7|2|4|3|5|0|1|954|2|3|1|0|3|11|4|0|11|1|956
17,tanh,tanh,0,interleave,128,0.01,10,ce,ok,108.349,99.7133,97.76,97.7622,97.7,97.6744,97.94,9,0.299637|0.139059|0.0967531|0.0733377|0.0536675|0.0410465|0.0305884|0.0226304|0.0152096|0.00991537,91.1622|95.6978|96.9267|97.62|98.2622|98.6511|99.0022|99.3156|99.5222|99.7133,95.02|95.62|96.8|96.52|97.04|96.84|97.12|97.02|97.94|97.76,95.0097|95.6238|96.805|96.5182|97.0467|96.833|97.1347|97.0214|97.9483|97.7622,948|0|0|1|1|0|6|0|5|2|0|1153|1|1|1|0|0|4|2|2|2|3|939|6|6|1|4|6|2|0|1|1|2|1001|0|11|0|10|6|1|0|0|3|0|963|1|4|4|1|18|0|0|2|18|1|837|3|0|6|2|4|1|0|0|2|4|976|0|4|0|0|1|3|3|2|1|0|1027|1|7|3|4|3|2|0|2|0|1|962|5|1|0|1|7|4|1|0|8|4|964
19,tanh,tanh,0,interleave,128,0.01,10,ce,ok,108.17,99.6111,97.68,97.6809,97.6,97.5709,97.68,10,0.301696|0.139605|0.0993417|0.0722649|0.0544079|0.0422645|0.0321645|0.0211685|0.0172648|0.0135506,90.9644|95.7489|96.94|97.7156|98.2756|98.6444|98.9644|99.3511|99.4533|99.6111,93.74|95.84|96.52|96.84|97.02|96.7|97.28|96.76|97.38|97.68,93.7651|95.8188|96.5153|96.8567|97.0319|96.7112|97.276|96.744|97.3874|97.6809,951|0|0|0|1|2|4|0|3|2|0|1147|2|1|3|0|0|4|4|3|1|2|931|12|3|3|4|6|7|0|0|1|3|1000|1|13|0|6|8|1|0|0|4|0|973|2|5|4|1|5|0|0|1|8|2|845|3|0|6|4|2|1|1|0|2|6|975|0|4|0|0|1|2|3|4|0|0|1030|0|5|3|1|0|4|1|8|1|3|957|4|0|0|2|8|14|1|0|11|3|951
20,tanh,tanh,0,interleave,128,0.01,10,ce,ok,108.383,99.6644,97.58,97.5855,97.92,97.8997,97.58,10,0.299116|0.138092|0.097175|0.0734742|0.0556667|0.0409828|0.0318105|0.0235756|0.0162432|0.0118894,91.1067|95.7933|97.0311|97.6644|98.1667|98.6733|98.9556|99.2711|99.48|99.6644,94.52|95.66|96.68|96.84|97.02|97.36|96.88|97.24|97.36|97.58,94.5014|95.6242|96.6804|96.8401|97.0188|97.3605|96.8796|97.2378|97.3644|97.5855,954|0|1|1|1|0|3|0|2|1|0|1149|1|1|3|0|0|5|5|0|1|2|945|5|5|0|3|4|4|0|0|3|4|1001|1|12|0|9|2|1|0|0|3|0|975|0|5|1|1|9|1|1|1|8|2|841|8|0|5|2|3|1|1|0|2|3|981|0|0|0|0|1|2|1|6|1|0|1028|1|5|2|3|2|5|1|2|3|0|962|2|2|0|0|5|10|4|0|10|3|956
1,leaky_relu,leaky_relu,0,interleave,128,0.003,10,ce,ok,101.672,99.1978,97.46,97.4605,97.53,97.501,97.62,8,0.420718|0.165606|0.114855|0.088697|0.0710011|0.0580064|0.047851|0.0393357|0.0335298|0.0271542,87.8956|95.0911|96.6067|97.3378|97.8756|98.1956|98.5378|98.7689|98.9778|99.1978,94.02|94.36|96|96.74|96.96|97.08|97.08|97.62|97.5|97.46,94.0123|94.3275|95.9927|96.7309|96.9547|97.0793|97.0805|97.6116|97.4997|97.4605,954|0|0|0|1|1|4|0|1|2|0|1150|1|1|7|0|1|3|1|0|3|2|930|8|7|1|0|11|6|1|1|2|6|1002|0|14|0|3|2|3|0|0|3|0|977|0|3|1|1|9|1|1|2|4|1|849|4|0|3|4|4|2|0|1|4|8|970|0|2|0|0|1|5|3|5|0|0|1021|1|9|2|4|1|7|8|7|3|1|937|12|2|0|1|4|12|4|0|4|0|963
2,leaky_relu,leaky_relu,0,interleave,128,0.003,10,ce,ok,101.757,99.1111,97.32,97.3246,97.68,97.6526,97.56,9,0.426178|0.17178|0.120161|0.0916202|0.0738053|0.0608543|0.0491716|0.0416291|0.0352306|0.0286102,87.4689|94.8933|96.4111|97.2578|97.8667|98.1111|98.5578|98.6533|98.8844|99.1111,93.54|95.52|96.5|96.4|96.92|96.86|97.08|97.5|97.56|97.32,93.5106|95.5082|96.4959|96.3928|96.9204|96.8581|97.0875|97.4999|97.5566|97.3246,957|0|1|1|1|0|1|0|1|1|0|1149|2|6|3|0|0|1|3|0|4|3|945|9|3|0|1|3|1|0|0|1|6|1013|1|7|0|3|2|0|0|0|6|0|958|0|5|2|3|20|1|2|3|18|0|824|10|1|5|5|3|2|1|0|2|3|978|0|2|0|0|1|8|8|3|1|0|1015|1|8|4|2|1|4|3|2|2|0|961|3|3|1|1|4|6|0|0|6|1|968
3,leaky_relu,leaky_relu,0,interleave,128,0.003,10,ce,ok,101.375,99.1156,97.48,97.4841,97.74,97.7162,97.72,9,0.419166|0.168242|0.116506|0.0884675|0.0717051|0.0585162|0.0484158|0.0392866|0.0330141|0.0270988,87.7667|94.9956|96.3956|97.3111|97.7956|98.1733|98.4889|98.8133|98.9889|99.1156,94.02|95.6|96.34|96.74|97.04|97.44|97.4|97.22|97.72|97.48,93.996|95.5822|96.3429|96.7402|97.0449|97.4363|97.3935|97.2223|97.7203|97.4841,948|1|1|0|2|0|4|1|2|4|0|1149|1|1|0|0|1|6|3|3|0|2|938|5|5|2|2|10|3|2|0|2|5|994|1|15|0|10|3|3|0|0|2|0|967|0|2|4|1|18|1|1|5|2|2|844|3|1|5|5|3|1|1|0|2|2|977|0|5|0|0|0|3|0|2|1|0|1032|0|7|4|5|3|5|1|5|2|1|955|1|1|0|0|2|5|4|0|7|1|970
4,leaky_relu,leaky_relu,0,interleave,128,0.003,10,ce,ok,101.361,99.1689,97.46,97.4543,97.6,97.5847,97.46,10,0.430376|0.171015|0.118933|0.0907689|0.0731047|0.0602235|0.0493299|0.0401308|0.0347677|0.0279574,87.7133|95.0511|96.4644|97.2511|97.7822|98.1578|98.5289|98.8022|98.8933|99.1689,93.86|95.56|96.62|96.68|96.66|96.78|97.36|97.4|97.3|97.46,93.8427|95.5668|96.6195|96.6764|96.6623|96.7902|97.3664|97.4065|97.2951|97.4543,945|0|2|0|2|1|3|0|6|4|0|1151|1|1|2|0|0|4|5|0|0|2|946|3|6|0|2|8|2|0|0|4|8|986|1|10|0|13|7|4|0|0|3|0|977|1|4|3|1|5|0|2|3|9|0|840|3|0|7|5|3|1|0|1|3|7|973|0|3|0|0|2|3|1|5|0|0|1032|0|2|4|7|2|2|3|0|1|1|961|1|2|1|0|2|15|0|0|16|5|949
6,leaky_relu,leaky_relu,0,interleave,128,0.003,10,ce,ok,99.8752,99.1756,97.6,97.5964,97.52,97.4978,97.62,7,0.428244|0.16827|0.116238|0.0904045|0.0712126|0.0595291|0.0486612|0.0402738|0.0340939|0.0268403,87.7578|95.0822|96.4556|97.3|97.8489|98.1333|98.4578|98.7556|98.9067|99.1756,93.58|95.68|96.74|97|97.18|97.38|97.62|97.54|97.22|97.6,93.5431|95.6759|96.7322|96.9964|97.1754|97.3748|97.6235|97.5389|97.2315|97.5964,956|0|0|0|1|0|2|0|2|2|0|1152|1|2|2|0|0|5|2|0|3|4|918|14|3|1|5|16|3|2|0|0|2|1013|0|10|0|7|1|0|2|0|2|1|962|0|4|9|2|12|1|2|1|9|0|844|6|0|4|2|5|1|0|1|2|1|979|0|2|0|0|0|3|5|4|0|0|1027|1|5|4|5|1|7|1|9|2|1|950|2|2|0|0|7|8|4|0|14|4|951
5,leaky_relu,leaky_relu,0,interleave,128,0.003,10,ce,ok,100.034,99.0378,97.2,97.1886,97.64,97.6003,97.62,9,0.417891|0.167699|0.117935|0.0904836|0.073236|0.0599349|0.0510948|0.0418173|0.034155|0.0293077,88.0111|95.0222|96.4222|97.2911|97.8111|98.1378|98.4111|98.7311|98.9822|99.0378,93.76|95.48|96.26|96.46|96.74|97.06|96.9|97.38|97.62|97.2,93.7059|95.465|96.2588|96.4645|96.733|97.0648|96.9039|97.375|97.62|97.1886,953|0|0|1|1|0|4|0|3|1|0|1157|1|0|2|0|0|3|1|0|2|3|949|3|2|0|2|3|4|1|0|1|6|1001|1|10|0|7|6|1|0|0|5|0|974|0|9|2|1|3|2|1|2|10|0|830|14|0|6|4|4|1|0|0|2|0|983|0|1|0|0|0|6|2|4|1|1|1025|1|5|4|4|7|8|1|5|3|1|947|2|3|1|1|3|23|2|0|9|3|945
7,leaky_relu,leaky_relu,0,interleave,128,0.003,10,ce,ok,99.7275,99.0489,97.72,97.726,97.35,97.321,97.72,10,0.426181|0.173588|0.122159|0.0931113|0.0751316|0.0626556|0.0509461|0.0415889|0.0353102|0.0295025,87.58|94.8222|96.3022|97.2089|97.7467|98.0422|98.4222|98.7089|98.9267|99.0489,93.84|95.38|96.64|96.7|96.82|97.36|97.32|97.58|97.46|97.72,93.8078|95.3797|96.6363|96.7149|96.8223|97.3589|97.323|97.5856|97.4744|97.726,948|0|0|2|1|0|3|0|8|1|0|1150|1|3|1|0|0|3|6|0|0|6|930|13|4|1|2|8|5|0|0|1|3|1008|0|13|0|3|5|0|0|0|5|2|962|2|6|2|1|14|0|2|1|10|0|842|5|0|8|1|2|1|0|2|1|6|971|0|8|0|0|0|7|5|3|2|0|1017|1|10|1|0|3|4|0|6|1|1|965|1|2|1|0|13|8|6|0|10|8|942
8,leaky_relu,leaky_relu,0,interleave,128,0.003,10,ce,ok,99.9618,99.1511,97.2,97.1964,97.48,97.4469,97.44,7,0.418705|0.171261|0.119691|0.0907476|0.0718873|0.0592756|0.0493939|0.0404797|0.034648|0.0277689,87.8733|94.9756|96.4467|97.2689|97.7889|98.2022|98.4489|98.7133|98.9133|99.1511,93.32|95.22|96.5|96.18|97|96.86|97.44|97.24|97.4|97.2,93.2796|95.2087|96.4887|96.1452|97.0055|96.8643|97.4386|97.2334|97.4032|97.1964,955|0|1|1|1|0|3|0|1|1|0|1149|2|4|2|0|1|3|1|2|1|2|953|3|1|0|3|5|1|0|0|0|12|1006|0|8|0|5|1|1|0|0|5|0|971|0|4|2|2|10|1|2|3|21|2|825|9|0|3|3|5|0|0|1|1|1|982|0|1|0|0|1|10|1|4|0|0|1021|1|7|5|4|14|15|2|2|7|2|925|6|3|0|1|8|8|3|0|5|1|961
16,leaky_relu,leaky_relu,0,interleave,128,0.003,10,ce,ok,101.206,99.0622,97.64,97.6356,97.71,97.6751,97.64,10,0.429588|0.169219|0.11702|0.0912868|0.0718507|0.0589228|0.0500654|0.0395526|0.0332186|0.0299273,87.48|95|96.52|97.2822|97.8556|98.1911|98.4844|98.8244|98.98|99.0622,94.14|95.3|96.46|97.02|97.38|97.44|97.42|97.52|96|97.64,94.1185|95.3006|96.4689|97.0209|97.3725|97.437|97.4056|97.5193|96.0094|97.6356,951|0|3|0|1|1|4|0|1|2|0|1154|2|1|3|1|0|2|1|0|1|2|947|4|6|2|1|3|3|0|1|3|8|989|0|20|0|10|2|0|0|0|2|0|977|0|8|1|1|5|0|1|1|4|1|853|4|0|3|2|5|1|0|1|1|8|974|0|1|0|0|0|11|2|6|1|0|1022|1|2|3|5|6|4|2|11|3|0|947|1|3|1|0|2|13|6|0|7|1|957
14,leaky_relu,leaky_relu,0,interleave,128,0.003,10,ce,ok,101.223,99.0311,97.54,97.5286,97.64,97.6124,97.54,10,0.423906|0.172819|0.119526|0.0949363|0.0754416|0.0631593|0.0524972|0.0431472|0.0358162|0.0305905,87.7733|94.9267|96.4578|97.1378|97.7356|98.0489|98.34|98.6822|98.9022|99.0311,93.62|95.32|96.28|96.94|96.98|96.72|97.26|96.5|97.16|97.54,93.6069|95.2871|96.2632|96.933|96.9771|96.717|97.2567|96.4969|97.1581|97.5286,952|0|0|1|1|0|5|0|3|1|0|1150|1|0|3|0|0|4|5|1|0|5|942|1|4|1|3|8|5|0|0|2|9|978|1|22|0|9|9|3|0|0|2|0|975|0|7|0|1|9|0|2|4|2|0|845|8|0|6|2|3|1|1|1|1|1|981|0|2|0|0|0|6|1|5|1|0|1027|1|4|3|6|3|0|0|4|4|1|958|3|4|0|0|1|11|6|0|10|2|956
9,leaky_relu,leaky_relu,0,interleave,128,0.003,10,ce,ok,101.304,99.1844,97.82,97.8156,97.78,97.7645,97.82,10,0.423315|0.173523|0.119837|0.0911268|0.0731493|0.0617048|0.0490307|0.0404741|0.0328917|0.0267945,87.9978|94.7867|96.4267|97.2556|97.7044|98.0778|98.4667|98.7378|99.0356|99.1844,93.84|95.06|95.56|96.94|97.16|97.26|96.88|97.42|97.38|97.82,93.814|95.0351|95.5447|96.9311|97.154|97.2523|96.8891|97.4142|97.3799|97.8156,957|0|0|0|1|0|1|0|2|2|0|1150|1|2|5|0|0|2|3|1|1|5|938|8|4|1|1|6|4|1|2|0|5|1007|1|12|0|4|2|0|0|0|4|0|974|0|6|1|1|8|0|0|4|10|0|847|3|0|1|4|5|0|1|1|2|3|975|0|4|0|1|2|9|4|4|1|0|1013|1|10|4|3|2|7|2|1|2|0|953|8|1|0|0|5|10|1|0|8|1|964
15,leaky_relu,leaky_relu,0,interleave,128,0.003,10,ce,ok,101.324,99.1089,97.46,97.4591,97.56,97.5338,97.5,8,0.422915|0.172636|0.119553|0.091653|0.0734945|0.0602273|0.0501477|0.0410035|0.0340389|0.0289166,87.8089|94.8511|96.3489|97.26|97.7822|98.1444|98.4778|98.6867|98.9711|99.1089,93.78|95.48|96.44|96.44|97.04|96.78|97.22|97.5|97.38|97.46,93.746|95.4592|96.4347|96.4474|97.0353|96.7786|97.203|97.5043|97.3696|97.4591,954|0|0|1|1|2|2|0|2|1|0|1141|3|1|1|0|1|8|9|0|3|2|940|2|2|0|1|9|8|2|0|0|10|987|0|19|0|9|4|4|1|0|4|0|958|2|10|3|4|12|0|1|2|1|1|851|4|1|5|3|5|0|0|0|0|6|976|0|4|0|1|0|7|2|2|1|0|1025|2|5|4|1|3|1|0|3|1|2|965|2|5|0|1|1|6|7|0|9|2|959
12,leaky_relu,leaky_relu,0,interleave,128,0.003,10,ce,ok,101.55,99.2111,97.4,97.3871,97.68,97.6481,97.56,9,0.426752|0.166941|0.117921|0.0895658|0.0715255|0.0602171|0.0488165|0.0408711|0.0326411|0.0271217,87.5422|95.0422|96.58|97.3067|97.8156|98.1444|98.4911|98.7044|98.9689|99.2111,94|95.84|95.76|96.66|96.84|97|97.34|97.46|97.56|97.4,93.9812|95.8353|95.7954|96.6541|96.8346|96.9931|97.3373|97.4573|97.5573|97.3871,959|0|0|0|1|0|1|0|0|2|0|1145|1|3|3|0|1|2|6|3|5|1|947|4|2|0|2|3|2|3|2|0|6|1006|1|10|0|4|1|3|2|0|2|0|962|1|6|2|1|18|6|1|2|13|1|827|5|2|7|5|6|0|0|0|1|1|980|0|3|0|0|1|7|4|2|0|0|1017|1|13|6|0|3|5|0|1|5|2|950|10|3|0|0|2|3|2|0|5|0|975
13,leaky_relu,leaky_relu,0,interleave,128,0.003,10,ce,ok,102.226,99.1311,97.56,97.5545,97.35,97.3228,97.56,10,0.420683|0.170053|0.118054|0.0914836|0.0711595|0.0586935|0.0476545|0.040278|0.0333779|0.0278343,87.7756|94.9756|96.4667|97.2222|97.8889|98.2578|98.4822|98.8089|98.9133|99.1311,93.66|95.72|96.18|96.8|97.2|97.42|97.24|97.46|97.08|97.56,93.627|95.7195|96.1769|96.7923|97.191|97.4106|97.2432|97.4541|97.0682|97.5545,956|0|0|1|1|0|2|0|2|1|0|1148|1|1|3|0|0|2|8|1|2|5|932|8|4|0|2|7|9|0|1|1|6|986|1|26|0|4|5|3|0|0|5|0|961|0|7|2|4|15|0|1|0|5|0|851|5|0|5|2|4|1|0|0|2|5|976|0|3|0|1|2|8|4|5|2|1|1009|1|12|3|4|3|1|1|4|2|0|963|1|3|1|1|5|10|7|0|6|4|953
10,leaky_relu,leaky_relu,0,interleave,128,0.003,10,ce,ok,102.268,99.0911,97.64,97.6423,97.62,97.5935,97.64,10,0.42137|0.170115|0.119765|0.0925308|0.0741458|0.0604416|0.0501548|0.040746|0.0359155|0.0302801,87.8111|95.0378|96.4733|97.2178|97.7622|98.1444|98.4867|98.6933|98.8578|99.0911,93.96|95.52|95.96|96.92|96.52|97.04|97.18|96.7|97.4|97.64,93.9335|95.5156|95.9323|96.9233|96.5254|97.0595|97.1833|96.7086|97.408|97.6423,948|1|0|0|1|3|3|1|3|3|0|1152|1|0|3|0|0|4|4|0|3|1|942|2|2|0|3|10|3|3|2|3|7|984|1|14|0|16|2|4|0|0|3|0|969|1|3|3|1|14|0|1|4|5|1|845|3|0|3|7|4|0|0|0|2|3|979|0|3|0|0|0|3|0|4|0|0|1035|1|2|3|1|9|5|1|5|3|3|939|13|1|0|0|0|4|0|0|15|1|969
11,leaky_relu,leaky_relu,0,interleave,128,0.003,10,ce,ok,102.775,99.1956,97.66,97.6593,97.44,97.4075,97.66,10,0.425908|0.17363|0.119959|0.0910114|0.0741391|0.0599852|0.049645|0.0396576|0.0335242|0.0268557,87.4978|94.9111|96.4378|97.2711|97.7222|98.1578|98.4556|98.7222|98.9556|99.1956,94|95.5|96.32|96.6|96.4|96.76|97.38|97.48|97.38|97.66,93.9752|95.4887|96.305|96.5926|96.3934|96.7709|97.3787|97.48|97.3807|97.6593,943|0|1|0|1|2|7|0|6|3|0|1154|1|0|2|0|0|2|5|0|0|10|923|6|6|4|2|5|12|1|0|3|6|995|0|11|0|5|11|2|0|0|1|0|973|1|8|1|2|8|0|2|2|13|0|836|6|0|7|3|1|2|0|0|3|6|976|0|3|0|0|2|5|3|3|1|1|1019|1|10|0|5|0|2|0|3|4|1|966|1|1|0|0|3|8|6|0|6|7|959
18,leaky_relu,leaky_relu,0,interleave,128,0.003,10,ce,ok,100.48,99.1,97.38,97.3739,97.66,97.6246,97.38,10,0.428949|0.173405|0.121482|0.0920212|0.0751573|0.0609266|0.0505128|0.0413778|0.0339682|0.0294055,87.3444|94.9489|96.3956|97.2356|97.7156|98.0889|98.44|98.6933|98.9489|99.1,93.92|95.6|96.6|96.84|96.92|97.18|97.18|97.18|97.34|97.38,93.9009|95.59|96.5971|96.8321|96.9237|97.1739|97.1771|97.1772|97.3467|97.3739,956|0|0|1|1|0|2|0|2|1|0|1156|2|0|1|0|1|2|2|0|2|3|944|1|1|2|2|9|3|2|2|2|9|980|0|21|0|11|4|4|0|0|3|0|967|2|8|3|1|10|0|1|3|1|0|849|8|0|3|4|4|0|0|0|1|3|983|0|0|0|0|2|7|0|1|0|0|1029|1|5|4|7|1|5|0|8|5|1|948|3|3|0|0|4|8|9|0|10|2|954
17,leaky_relu,leaky_relu,0,interleave,128,0.003,10,ce,ok,100.625,99.1089,97.6,97.5983,97.71,97.6875,97.6,10,0.427574|0.168531|0.117522|0.0904836|0.0718148|0.0591089|0.0486888|0.0411438|0.0343626|0.0282552,87.6311|95.0067|96.4756|97.2711|97.7956|98.2067|98.4867|98.7089|98.9178|99.1089,94.1|95.56|96.3|96.36|97.22|97.16|97.04|97.38|97.3|97.6,94.09|95.5476|96.2753|96.3611|97.2112|97.1535|97.0391|97.3768|97.3097|97.5983,951|0|0|1|1|2|2|0|4|2|0|1153|1|2|4|0|0|2|2|0|2|3|936|10|4|0|3|8|2|1|0|2|5|1009|0|8|0|4|3|2|0|0|2|0|975|0|1|3|2|11|0|1|4|11|1|840|3|1|3|5|3|2|0|0|2|6|977|0|1|0|0|0|6|4|5|0|0|1019|1|10|4|5|2|7|1|4|2|1|951|5|2|0|0|5|9|2|0|11|1|960
19,leaky_relu,leaky_relu,0,interleave,128,0.003,10,ce,ok,100.68,99.1244,97.9,97.8974,97.79,97.758,97.9,10,0.423663|0.169787|0.11676|0.0889509|0.0715025|0.0576776|0.047152|0.0396888|0.0324329|0.0281236,87.5667|95.0089|96.5067|97.3822|97.8667|98.2267|98.5667|98.7756|99.0178|99.1244,93.32|95.66|96.5|97.1|97.46|97.52|97.52|97.56|97.6|97.9,93.3372|95.6451|96.4894|97.0935|97.4572|97.5238|97.5199|97.5572|97.594|97.8974,954|0|1|0|1|0|3|0|2|2|0|1153|1|1|2|0|0|4|3|0|2|2|938|9|6|1|4|5|1|1|0|1|5|1013|0|9|0|4|1|0|0|0|4|0|971|0|7|1|2|9|0|1|3|14|2|835|6|0|5|3|4|1|0|1|1|4|979|0|1|0|0|1|3|5|3|0|0|1027|1|5|3|3|6|9|2|3|3|0|950|3|3|0|0|6|6|4|0|10|2|959
20,leaky_relu,leaky_relu,0,interleave,128,0.003,10,ce,ok,100.952,99.0489,97.62,97.6242,97.62,97.5873,97.62,10,0.422039|0.1701|0.118382|0.0924062|0.0745591|0.0606386|0.0519667|0.0416428|0.0346853|0.0299086,87.8133|95.0489|96.5533|97.2156|97.6733|98.1111|98.38|98.6578|98.9533|99.0489,93.54|95.5|96.22|96.74|97.34|97.2|97.28|97.14|97.5|97.62,93.5031|95.4797|96.228|96.7358|97.3425|97.2071|97.2604|97.1458|97.5038|97.6242,953|0|1|0|2|0|3|0|2|2|0|1154|1|1|3|0|0|3|2|0|2|2|929|17|4|1|2|7|5|0|0|0|4|1011|1|10|0|6|1|0|0|0|5|0|976|0|4|4|1|4|1|0|3|12|0|841|3|1|6|2|4|0|0|1|1|5|976|0|4|0|0|0|5|1|3|0|1|1032|0|3|4|4|2|4|1|2|5|3|956|1|4|1|1|5|16|6|0|22|1|934
1,sigmoid,sigmoid,0,interleave,128,0.03,10,ce,ok,106.338,99.12,97.36,97.3685,97.13,97.1104,97.84,9,0.563122|0.181607|0.124059|0.094376|0.0759696|0.0616915|0.0495569|0.0406094|0.0337546|0.0278713,81.5889|94.4489|96.1956|97.1222|97.5978|98.0889|98.4844|98.7378|98.8933|99.12,92.34|94.08|96.46|96.44|97.08|97.38|97.12|97.08|97.84|97.36,92.3174|94.098|96.4424|96.4153|97.0777|97.374|97.1127|97.0677|97.8407|97.3685,951|0|1|0|1|0|2|0|2|6|0|1139|3|1|12|0|0|5|3|1|2|1|926|10|9|1|2|10|7|1|0|0|4|1004|1|10|0|8|1|5|0|0|1|0|985|0|1|1|1|5|1|0|1|11|5|835|4|0|5|7|4|0|0|0|10|9|965|0|3|0|0|1|0|3|7|0|0|1018|1|15|3|1|3|12|11|0|2|0|935|15|1|0|0|3|23|1|0|5|2|955
2,sigmoid,sigmoid,0,interleave,128,0.03,10,ce,ok,105.865,99.1756,95.66,95.7235,96.2,96.2058,97.54,9,0.568486|0.177208|0.122789|0.0942352|0.0744297|0.0601485|0.0483738|0.040523|0.031657|0.0260512,81.0311|94.78|96.2667|97.02|97.7289|98.1133|98.5022|98.6733|99.04|99.1756,92.58|95.24|96.3|96.32|96.74|97.04|97.08|97.14|97.54|95.66,92.5698|95.2434|96.2882|96.3235|96.7363|97.0379|97.0806|97.1535|97.5395|95.7235,949|0|2|2|1|1|3|0|2|3|0|1154|0|8|0|0|0|1|1|0|2|6|895|55|1|1|2|3|3|1|0|0|0|1025|0|5|0|3|0|0|0|2|7|1|931|4|8|4|2|35|0|0|1|24|0|836|3|0|3|2|3|2|1|1|0|13|970|0|1|0|0|5|7|23|2|2|0|994|1|11|3|6|0|49|0|9|3|0|906|6|3|0|2|13|4|3|0|5|0|960
3,sigmoid,sigmoid,0,interleave,128,0.03,10,ce,ok,106.314,99.3267,97.48,97.4744,97.57,97.5383,97.48,10,0.54641|0.174949|0.120442|0.0916978|0.0722862|0.0586836|0.0484279|0.0388018|0.0323652|0.0242318,82.0289|94.7311|96.2911|97.24|97.7978|98.1733|98.4267|98.7978|98.9933|99.3267,93.8|95.24|96.26|96.54|96.74|96.94|96.76|96.88|97.3|97.48,93.7747|95.2208|96.2635|96.5316|96.7437|96.9448|96.7714|96.8648|97.2903|97.4744,953|0|1|1|1|0|3|0|3|1|0|1151|3|0|1|0|0|5|3|1|2|2|940|7|5|1|1|9|2|0|1|0|6|994|0|15|1|7|4|5|0|0|4|0|965|1|3|4|2|15|1|0|3|6|1|843|6|1|6|2|3|0|1|0|3|4|978|0|2|0|0|1|3|2|2|2|0|1025|1|9|5|3|6|5|1|6|2|1|950|3|2|0|0|4|7|4|0|15|0|958
4,sigmoid,sigmoid,0,interleave,128,0.03,10,ce,ok,106.415,99.1689,97.68,97.6806,97.65,97.619,97.68,10,0.580568|0.18244|0.124296|0.0937221|0.0745465|0.0605746|0.0474395|0.0389623|0.0329134|0.0265015,80.7|94.6156|96.2222|97.14|97.6956|98.14|98.5022|98.7511|98.9511|99.1689,93.12|95.56|95.98|96.86|96.66|96.64|97.38|97.5|97.42|97.68,93.0767|95.5596|95.9844|96.8555|96.6573|96.6224|97.3933|97.5108|97.4205|97.6806,942|0|1|0|1|3|6|0|6|4|0|1152|2|0|3|0|0|3|3|1|1|3|941|7|3|0|4|3|7|0|0|2|3|999|2|13|0|6|6|2|0|0|2|0|979|1|7|2|1|2|0|1|3|7|3|842|5|0|5|3|2|0|0|0|1|4|980|0|4|0|0|0|4|3|8|0|0|1022|1|7|1|4|4|4|0|2|4|0|961|2|1|0|0|3|26|5|0|6|2|947
6,sigmoid,sigmoid,0,interleave,128,0.03,10,ce,ok,106.809,99.2267,97.6,97.6007,97.47,97.4397,97.6,10,0.57506|0.178883|0.124003|0.0935582|0.0745115|0.0614595|0.0480099|0.04075|0.0324432|0.025219,80.9067|94.6489|96.1511|97.1267|97.6956|97.9978|98.5044|98.7044|98.9467|99.2267,93.44|95.62|96.42|96.4|96.88|97.48|97.26|97.42|97.5|97.6,93.402|95.6181|96.4373|96.415|96.8976|97.4825|97.2481|97.4037|97.5165|97.6007,954|0|0|1|1|2|1|0|3|1|0|1152|1|2|2|0|0|3|3|1|3|2|907|19|7|0|3|14|14|0|0|0|2|1002|1|14|0|7|7|0|1|0|1|1|971|1|4|8|1|6|2|1|1|5|1|843|5|1|6|4|6|1|0|0|2|4|974|0|4|0|0|1|0|3|2|0|0|1034|1|4|3|2|1|5|1|2|2|0|965|1|3|0|0|2|11|3|0|23|3|945
5,sigmoid,sigmoid,0,interleave,128,0.03,10,ce,ok,107.29,99.1422,97.22,97.213,97.61,97.5823,97.34,8,0.56373|0.179532|0.124966|0.0946744|0.0767723|0.0617199|0.0504212|0.040247|0.0331577|0.026929,81.2311|94.5889|96.1422|97.1578|97.6756|97.9933|98.4089|98.7756|98.9467|99.1422,93.06|95.4|95.96|96.86|96.5|96.78|96.88|97.34|97.18|97.22,93.021|95.39|95.9589|96.8525|96.489|96.7614|96.8788|97.3389|97.192|97.213,952|0|1|1|1|0|5|0|2|1|0|1147|4|0|2|0|0|5|6|0|3|2|942|4|7|0|3|4|4|0|0|4|7|995|1|11|0|10|3|2|0|0|4|0|977|0|5|1|1|6|1|0|4|5|3|835|8|0|9|4|4|0|0|0|2|1|982|0|2|0|0|0|4|4|4|0|0|1027|1|5|3|0|4|5|2|1|3|1|961|2|2|0|1|4|21|3|0|11|5|943
8,sigmoid,sigmoid,0,interleave,128,0.03,10,ce,ok,106.968,99.2533,97.36,97.3546,97.48,97.4385,97.56,9,0.559935|0.17843|0.123935|0.0929657|0.073712|0.0583918|0.0463111|0.0388015|0.0319433|0.0239984,81.3533|94.6333|96.1867|97.1378|97.7111|98.1556|98.5511|98.7822|98.9733|99.2533,92.76|95.28|96.62|96.34|96.74|97.36|97.44|97.06|97.56|97.36,92.713|95.2667|96.6051|96.3163|96.7381|97.3656|97.4354|97.0604|97.5693|97.3546,954|0|1|1|1|0|2|0|3|1|0|1153|2|0|1|0|0|4|3|1|3|2|934|5|4|0|2|13|6|0|0|1|7|1004|0|9|0|9|1|2|0|0|3|0|977|1|4|2|1|6|3|2|5|26|0|814|8|0|5|6|5|1|2|0|2|1|976|0|4|0|1|1|4|3|2|0|0|1027|1|6|4|2|2|9|1|2|4|0|954|4|3|1|0|7|8|1|0|14|1|955
7,sigmoid,sigmoid,0,interleave,128,0.03,10,ce,ok,107.355,99.1889,97.34,97.3399,97.44,97.4083,97.56,7,0.560172|0.179285|0.122978|0.0928937|0.0741621|0.0600685|0.0482644|0.0393467|0.0307255|0.0255297,81.38|94.6622|96.2356|97.1756|97.6467|98.0756|98.5044|98.7311|98.9911|99.1889,93.38|95.24|96.28|97.06|97.4|97.18|97.56|97.56|97.28|97.34,93.3382|95.2356|96.2868|97.0671|97.399|97.1864|97.5664|97.5632|97.2829|97.3399,942|0|2|1|1|3|4|0|9|1|0|1154|2|0|1|0|0|3|4|0|0|4|931|7|3|0|2|6|16|0|0|1|3|998|0|16|0|5|9|1|1|2|4|0|954|1|7|5|4|16|0|3|3|9|0|840|5|0|7|2|3|1|0|1|2|4|975|0|5|0|0|0|7|3|3|1|0|1017|1|13|1|2|2|2|0|1|1|0|972|1|2|0|0|5|9|2|0|5|6|961
9,sigmoid,sigmoid,0,interleave,128,0.03,10,ce,ok,106.697,99.2333,97.7,97.6914,97.48,97.4382,97.7,10,0.564596|0.180881|0.123684|0.0930794|0.0734599|0.0612326|0.0476597|0.0388559|0.0330026|0.0242577,81.3156|94.46|96.2378|97.1222|97.6756|98.1244|98.5356|98.76|98.9822|99.2333,93.38|94.74|95.58|97.26|97.02|97.36|96.74|97.3|97.64|97.7,93.3323|94.7256|95.5658|97.2565|97.0181|97.354|96.7475|97.2962|97.6377|97.6914,952|0|0|1|2|2|2|0|4|0|0|1152|1|1|4|0|1|4|0|1|2|4|942|1|3|1|1|11|4|0|0|0|7|991|1|14|0|10|7|3|1|0|3|0|966|1|7|1|2|13|5|2|3|5|1|831|6|0|9|7|5|1|1|0|3|3|974|0|4|0|0|1|6|2|4|0|0|1026|1|5|4|2|1|4|3|2|2|1|956|7|5|0|0|3|10|6|0|7|1|958
10,sigmoid,sigmoid,0,interleave,128,0.03,10,ce,ok,106.633,99.1356,97.52,97.5219,97.47,97.4525,97.52,10,0.566461|0.182143|0.125138|0.0957887|0.0767807|0.0609732|0.0493596|0.0415001|0.0324564|0.0273621,81.2689|94.5756|96.2511|97.1511|97.6222|98.0933|98.4489|98.6356|99.0111|99.1356,93.36|95.32|94.8|96.48|96.94|97.02|97.18|97.32|97.46|97.52,93.3406|95.3212|94.8425|96.4768|96.9444|97.0317|97.1668|97.3246|97.4625|97.5219,950|0|0|1|2|2|1|0|4|3|0|1146|2|1|4|0|0|7|4|0|3|1|940|1|7|1|2|7|6|1|0|2|5|987|1|13|0|14|5|6|1|0|3|0|962|1|2|3|1|21|0|0|0|3|1|852|4|0|3|6|5|0|0|0|2|10|970|0|4|0|0|0|5|0|2|0|0|1027|1|10|4|3|1|6|2|3|0|1|950|12|1|0|0|1|6|3|0|16|0|963
11,sigmoid,sigmoid,0,interleave,128,0.03,10,ce,ok,106.683,99.1822,97.34,97.3466,97.42,97.3925,97.34,10,0.576655|0.183633|0.126506|0.095873|0.0772937|0.0625781|0.0509168|0.0407442|0.0331797|0.0269922,80.66|94.5733|96.1333|97.1178|97.6444|98.0622|98.4089|98.7444|98.98|99.1822,93.46|94.74|95.88|96.9|96.56|97.04|97.24|97.24|96.9|97.34,93.4189|94.7347|95.8438|96.9044|96.5556|97.0377|97.2384|97.2282|96.92|97.3466,946|0|0|1|1|4|3|0|7|1|0|1141|2|2|3|0|0|3|11|2|1|1|937|8|3|1|1|5|12|0|0|0|6|1000|0|12|0|5|9|1|0|0|5|0|942|2|13|6|2|24|0|0|1|8|0|847|4|0|6|3|2|0|0|0|1|7|976|0|5|0|0|0|6|3|1|0|0|1027|1|7|1|3|2|3|1|4|3|0|963|2|2|0|0|5|5|4|0|6|5|963
12,sigmoid,sigmoid,0,interleave,128,0.03,10,ce,ok,106.836,99.2756,97.32,97.3136,97.27,97.2254,97.56,7,0.575194|0.179041|0.124192|0.092843|0.0751191|0.061937|0.0491988|0.0400599|0.03212|0.0248854,80.9533|94.4889|96.2489|97.1867|97.7289|98.0778|98.42|98.7689|99|99.2756,93.28|95.46|95.16|96.68|96.8|96.34|97.56|97.22|97.36|97.32,93.2522|95.4627|95.2025|96.6727|96.7966|96.3282|97.5591|97.2284|97.3649|97.3136,956|0|0|0|1|0|1|0|1|4|0|1146|5|2|2|0|1|3|3|2|3|2|938|4|6|0|3|4|7|2|1|0|5|1010|1|7|0|4|3|2|0|1|4|0|960|0|4|4|1|20|5|1|1|13|4|807|13|0|4|21|5|1|0|0|5|0|977|0|3|0|0|0|2|5|2|0|0|1019|1|16|6|2|8|9|0|0|4|0|945|8|4|0|0|2|7|0|0|7|1|969
13,sigmoid,sigmoid,0,interleave,128,0.03,10,ce,ok,105.135,99.26,97.86,97.8583,97.46,97.4344,97.86,10,0.566904|0.177227|0.12224|0.0937101|0.0737709|0.0592676|0.04681|0.0382781|0.0316212|0.0239664,81.1022|94.6689|96.3133|97.16|97.6667|98.1689|98.5711|98.7933|99.0044|99.26,92.92|95.68|96.46|96.78|97.34|97.58|97.5|97.5|97.66|97.86,92.8566|95.6747|96.4632|96.7827|97.3366|97.5857|97.5051|97.4983|97.6586|97.8583,954|0|0|1|1|1|3|0|2|1|0|1150|2|1|3|0|0|3|3|2|4|2|945|2|6|0|2|6|2|0|2|1|5|987|1|19|0|11|3|4|0|0|4|0|966|1|5|1|1|16|0|1|3|3|1|844|9|0|4|4|3|1|0|0|4|2|979|0|2|0|0|3|3|2|5|0|0|1018|0|14|3|4|6|5|2|3|6|0|944|9|2|1|1|3|11|5|0|8|0|959
15,sigmoid,sigmoid,0,interleave,128,0.03,10,ce,ok,105.402,99.2467,97.48,97.4785,97.63,97.601,97.48,9,0.56663|0.180242|0.12309|0.0947045|0.0756562|0.0607643|0.0496783|0.0404902|0.0331598|0.0254349,81.2422|94.6111|96.2378|97.08|97.68|98.1178|98.4267|98.7533|98.9778|99.2467,93.4|95.32|96.06|96.54|96.98|96.72|96.94|97.36|97.48|97.48,93.3665|95.303|96.0689|96.5675|96.9944|96.7141|96.9351|97.3582|97.4723|97.4785,954|0|1|1|1|1|1|0|3|1|0|1137|4|1|3|0|0|5|13|1|3|1|946|2|2|2|1|4|8|0|0|0|10|990|0|17|0|10|5|1|0|0|4|0|973|1|3|3|3|7|1|0|3|8|2|838|3|0|10|4|4|0|0|0|2|4|975|0|6|0|0|0|9|1|4|1|0|1024|1|5|2|0|1|1|1|1|1|0|973|2|4|0|0|4|9|6|0|9|5|953
16,sigmoid,sigmoid,0,interleave,128,0.03,10,ce,ok,105.961,99.14,97.6,97.5995,97.43,97.3956,97.66,9,0.588471|0.181571|0.123071|0.0947929|0.0740924|0.0615785|0.0498959|0.038786|0.0317257|0.027076,80.4311|94.4333|96.16|97.0333|97.7689|98.04|98.4133|98.7911|98.9733|99.14,93.38|95.34|96.22|96.72|96.84|97.22|97.12|97.26|97.66|97.6,93.3304|95.3368|96.224|96.7151|96.8443|97.217|97.1151|97.2639|97.6499|97.5995,953|0|1|1|1|1|1|0|4|1|0|1151|3|1|3|1|0|3|1|1|4|3|935|11|5|0|2|4|5|0|0|0|4|993|0|22|0|6|3|5|0|0|6|0|969|1|5|0|1|12|0|0|0|3|2|852|5|0|3|4|4|1|0|0|2|10|971|0|3|0|0|1|6|3|8|0|0|1014|0|13|3|4|4|3|3|6|3|0|945|11|2|1|0|4|11|6|0|4|2|960
14,sigmoid,sigmoid,0,interleave,128,0.03,10,ce,ok,106.32,99.2244,97.26,97.2476,97.58,97.5423,97.26,10,0.562564|0.182922|0.122879|0.0951337|0.0748742|0.0603036|0.0492183|0.0400212|0.0314496|0.0254983,81.2844|94.4978|96.2756|97.0822|97.6978|98.1244|98.3956|98.72|99.0489|99.2244,92.9|94.7|96.3|96.4|96.86|96.86|97.08|97|97.22|97.26,92.8692|94.6851|96.2926|96.4046|96.86|96.8552|97.0792|97.0021|97.2188|97.2476,952|0|0|1|1|1|4|0|3|1|0|1151|3|1|3|0|0|3|2|1|1|2|947|2|5|1|2|6|3|0|0|3|6|980|0|22|0|12|7|3|0|0|4|0|973|0|7|1|1|8|3|0|4|5|1|838|10|1|4|3|3|2|0|0|2|3|981|0|0|0|1|0|5|1|4|1|0|1027|1|5|5|1|3|0|1|2|5|2|960|3|2|0|0|4|18|5|0|11|1|949
18,sigmoid,sigmoid,0,interleave,128,0.03,10,ce,ok,105.662,99.1711,97.52,97.5131,97.55,97.5197,97.52,7,0.567011|0.177109|0.122991|0.0927073|0.0737177|0.0606239|0.0494336|0.0388636|0.0330282|0.0266107,81.16|94.6844|96.3578|97.2244|97.7267|98.1133|98.3911|98.7867|98.9422|99.1711,93.3|95.58|96.34|97.02|96.86|97.18|97.52|97.32|97.32|97.52,93.2623|95.5741|96.3494|97.0377|96.8618|97.1795|97.514|97.3219|97.3267|97.5131,949|0|1|0|1|1|2|0|4|5|0|1151|2|1|1|0|0|3|5|1|1|1|947|2|7|0|3|6|2|0|0|3|9|982|1|17|0|14|4|3|0|0|3|0|966|0|4|3|1|17|1|1|3|5|1|831|8|0|9|10|3|0|1|0|2|3|980|0|2|0|0|1|4|0|1|0|0|1030|1|8|3|6|5|3|1|0|3|0|953|8|2|1|0|3|7|0|0|10|1|966
17,sigmoid,sigmoid,0,interleave,128,0.03,10,ce,ok,105.914,99.1533,97.44,97.4445,97.72,97.6878,97.44,10,0.565302|0.178304|0.122757|0.0944312|0.0735872|0.0604299|0.0474875|0.0388634|0.0325187|0.0261314,81.1733|94.6267|96.2867|97.0933|97.7244|98.1533|98.5756|98.7822|98.9933|99.1533,93.76|95|96.2|96.64|97.04|96.92|96.72|97.02|96.86|97.44,93.7466|94.9435|96.1857|96.638|97.0467|96.9208|96.7233|97.0224|96.849|97.4445,948|0|1|1|1|3|3|0|5|1|0|1153|1|1|1|0|0|4|3|1|1|2|946|4|2|0|3|7|4|0|0|4|6|1009|1|6|0|4|3|0|0|0|3|0|968|0|5|3|2|13|1|0|2|19|0|834|3|0|5|5|2|2|1|0|2|10|973|0|1|0|0|1|1|3|2|0|0|1031|1|6|2|4|6|5|1|3|2|0|956|3|1|0|0|10|7|5|0|11|2|954
19,sigmoid,sigmoid,0,interleave,128,0.03,10,ce,ok,105.484,99.2289,97.62,97.6153,97.49,97.4514,97.62,10,0.553491|0.176401|0.122008|0.091799|0.0732373|0.059752|0.0477715|0.0388702|0.0314458|0.0254399,81.9578|94.7889|96.3067|97.2556|97.7511|98.1311|98.4844|98.7911|99.0111|99.2289,93.12|94.68|96.56|96.56|97.54|97.26|97.22|97.5|97.22|97.62,93.1345|94.6451|96.5486|96.5515|97.539|97.2735|97.2062|97.4972|97.2038|97.6153,945|0|1|1|1|5|4|0|4|2|0|1153|1|1|2|0|0|3|3|1|1|2|948|6|3|3|2|3|1|0|0|1|3|1006|1|11|0|7|4|0|0|0|5|2|960|2|7|7|2|9|0|1|4|10|0|843|5|0|5|1|2|2|0|1|2|5|975|0|4|0|0|0|6|2|1|0|0|1034|0|2|2|4|5|8|2|3|3|2|952|1|3|0|2|11|16|9|0|14|2|933
20,sigmoid,sigmoid,0,interleave,128,0.03,10,ce,ok,105.833,99.2356,97.56,97.5654,97.57,97.5463,97.64,9,0.567207|0.180078|0.123725|0.0935415|0.0748809|0.0599649|0.0495189|0.0399801|0.0323137|0.0248778,81.0578|94.6489|96.2956|97.1444|97.6178|98.0822|98.4311|98.6867|98.9711|99.2356,93.02|95.38|96.24|96.88|97.3|97.34|97.42|97.58|97.64|97.56,92.9704|95.3687|96.2426|96.88|97.3157|97.3461|97.4198|97.5883|97.6575|97.5654,955|0|2|1|1|0|2|0|1|1|0|1139|5|1|4|0|0|6|9|0|2|1|952|3|3|0|1|4|3|0|1|0|6|1000|1|11|0|10|3|1|0|0|4|0|977|0|7|0|1|5|6|0|0|8|3|834|8|0|6|4|3|0|1|0|2|0|982|0|3|0|1|0|13|2|6|0|0|1018|1|4|7|1|5|5|2|4|4|1|951|2|3|2|1|3|16|2|0|12|2|949
1,tanh,relu,0.5,interleave,128,0.01,10,ce,ok,104.414,99.6822,97.46,97.4599,97.81,97.7799,97.48,9,0.275699|0.118913|0.081524|0.0614005|0.0466822|0.0349062|0.0295611|0.0217783|0.0177712|0.0101202,91.6733|96.2356|97.4578|98.02|98.4911|98.88|99.0556|99.28|99.3978|99.6822,95.5|95.86|96.84|97|97.44|97.34|97.04|97.46|97.48|97.46,95.4906|95.8457|96.8291|96.9975|97.439|97.3361|97.0362|97.448|97.4766|97.4599,951|0|0|1|1|2|4|0|1|3|0|1151|1|1|4|0|0|5|2|0|1|1|940|10|4|1|1|6|5|0|0|1|3|1009|1|12|0|3|2|2|0|0|2|0|982|0|1|1|1|7|0|1|1|5|1|852|3|0|2|4|2|1|0|1|5|11|968|0|3|0|0|1|3|7|4|2|0|1017|1|10|3|2|1|10|0|11|0|0|945|10|1|0|1|1|10|6|0|4|1|966
2,tanh,relu,0.5,interleave,128,0.01,10,ce,ok,104.53,99.7067,97.48,97.4917,97.78,97.7576,97.76,9,0.276693|0.117667|0.0828405|0.0620532|0.046196|0.0337842|0.0290094|0.0211434|0.0159492|0.00983911,91.5956|96.4133|97.3467|98.0044|98.5533|98.9178|99.0644|99.2956|99.4689|99.7067,94.5|96.52|97.2|96.9|97.54|96.74|97.46|97.12|97.76|97.48,94.5492|96.5104|97.1987|96.9021|97.5349|96.7336|97.4657|97.0997|97.7525|97.4917,953|0|0|1|1|0|4|0|2|2|0|1154|1|1|2|1|0|3|2|0|1|4|942|7|1|0|3|4|3|4|0|0|6|1016|0|7|0|2|1|1|0|0|4|0|940|0|6|3|2|39|0|0|1|7|0|847|4|0|3|7|3|1|0|0|0|6|980|0|1|0|0|1|6|1|2|1|1|1022|1|10|2|6|2|6|0|5|3|0|947|11|3|0|0|2|3|1|0|3|1|977
3,tanh,relu,0.5,interleave,128,0.01,10,ce,ok,104.684,99.6556,97.56,97.5595,97.77,97.7512,97.62,6,0.276493|0.117744|0.0791408|0.0609486|0.0475751|0.0356145|0.0273292|0.0220718|0.0186356|0.0117941,91.5978|96.3311|97.4311|98.0689|98.4778|98.8667|99.0756|99.2822|99.3911|99.6556,95.88|96.64|96.98|97.02|97.48|97.62|97.58|97.14|97.6|97.56,95.8805|96.6299|96.9776|97.03|97.492|97.619|97.5761|97.139|97.5936|97.5595,949|1|3|1|1|0|4|0|3|1|0|1152|2|0|1|0|0|4|3|2|0|3|950|3|3|0|0|7|3|0|0|2|8|998|0|14|0|6|2|3|0|1|3|0|942|0|5|2|2|39|1|0|3|3|0|845|6|0|4|7|2|2|1|0|2|2|979|1|2|0|0|0|1|3|3|1|0|1026|1|10|3|4|3|6|0|2|0|1|961|2|4|0|0|1|2|2|0|6|0|975
4,tanh,relu,0.5,interleave,128,0.01,10,ce,ok,104.841,99.7111,97.68,97.6721,98,97.9796,97.72,8,0.273941|0.113361|0.0793326|0.059765|0.046196|0.0338998|0.026712|0.0197635|0.0159705|0.0104409,91.7356|96.5511|97.4844|98.1111|98.5356|98.9289|99.1578|99.3756|99.5244|99.7111,95.66|96.56|97.08|97|97.62|97.4|97.28|97.72|97.5|97.68,95.6194|96.5711|97.0738|96.9915|97.6188|97.4139|97.2836|97.7212|97.5016|97.6721,946|0|1|1|1|1|4|0|8|1|0|1144|3|0|3|0|0|4|10|0|0|1|938|5|9|0|3|3|10|0|0|0|4|1009|1|9|0|5|5|0|0|0|1|0|985|0|4|1|1|2|0|0|2|6|1|850|3|0|6|1|2|1|0|0|1|5|980|0|2|0|1|0|3|0|4|0|0|1031|1|5|2|3|0|5|1|3|0|0|967|1|1|0|0|3|18|6|0|7|5|950
5,tanh,relu,0.5,interleave,128,0.01,10,ce,ok,104.279,99.7022,97.94,97.9413,97.98,97.9541,97.94,10,0.271353|0.115257|0.0783767|0.0584734|0.0460561|0.0349943|0.0291349|0.0209667|0.0144112|0.00967308,91.6444|96.38|97.4733|98.1244|98.5067|98.8711|99.0578|99.3333|99.5356|99.7022,95.08|96.28|96.78|97.14|97.26|97.48|97.2|97.84|97.56|97.94,95.0544|96.2698|96.7832|97.1423|97.2554|97.4782|97.1963|97.835|97.5554|97.9413,955|0|2|2|1|0|1|0|1|1|0|1146|1|1|2|0|0|8|4|2|1|1|940|10|3|1|3|7|3|0|0|0|5|1009|0|10|0|5|2|2|1|0|2|0|968|0|5|3|1|14|0|2|2|9|1|835|8|0|5|7|3|0|1|1|1|2|981|0|2|0|0|0|3|4|0|0|0|1029|1|8|2|0|2|5|0|1|2|0|968|2|4|0|0|1|4|5|0|7|2|967
7,tanh,relu,0.5,interleave,128,0.01,10,ce,ok,104.377,99.4556,97.82,97.8092,97.98,97.9543,97.82,10,0.27486|0.116407|0.0828688|0.0613368|0.0477219|0.0386708|0.0287474|0.0217344|0.0164807|0.0156783,91.6022|96.4511|97.3911|98.0156|98.4511|98.7333|99.0422|99.2644|99.4667|99.4556,95.5|96.12|96.7|96.9|97.34|97.68|97.38|97.62|97.28|97.82,95.4822|96.121|96.6961|96.9123|97.3321|97.6711|97.3803|97.6278|97.275|97.8092,955|0|0|1|1|0|3|0|2|1|0|1153|1|1|3|0|0|3|3|0|3|3|946|6|1|0|1|2|6|1|0|0|8|1006|0|12|0|4|3|0|0|0|2|0|978|0|4|2|0|8|0|1|0|16|0|837|5|0|6|4|5|0|0|1|3|2|975|0|5|0|1|0|6|2|4|0|0|1026|1|5|3|5|1|2|1|1|0|1|966|2|4|0|0|6|13|1|0|7|3|956
6,tanh,relu,0.5,interleave,128,0.01,10,ce,ok,104.682,99.4822,97.56,97.5621,97.56,97.5478,97.56,10,0.273485|0.114572|0.0808412|0.0613548|0.0460471|0.0371208|0.0284209|0.0226154|0.0176222|0.0147706,91.6378|96.4867|97.4644|98.0689|98.56|98.8422|99.0911|99.2422|99.3889|99.4822,95.54|96.46|96.42|97.2|97.06|97.42|97.48|97.22|97.52|97.56,95.5308|96.4654|96.4339|97.1955|97.0843|97.4191|97.4826|97.2272|97.5249|97.5621,955|0|0|1|1|0|0|0|5|1|0|1141|1|9|0|0|0|5|7|1|2|2|902|24|5|1|2|17|13|1|0|0|1|1011|0|13|0|5|3|0|1|0|1|0|962|0|6|4|2|18|0|0|0|4|1|849|5|0|5|5|4|0|0|1|2|1|979|0|4|0|0|2|0|5|2|1|0|1025|2|8|4|2|0|4|0|1|0|1|968|2|3|0|0|3|3|3|0|9|5|964
8,tanh,relu,0.5,interleave,128,0.01,10,ce,ok,104.61,99.6778,97.82,97.8207,97.99,97.9648,97.92,9,0.274945|0.11867|0.0860158|0.062614|0.0472269|0.0362725|0.0309713|0.02224|0.0159463|0.0109874,91.6578|96.2933|97.2778|97.9667|98.4533|98.8289|98.9556|99.28|99.4733|99.6778,94.42|96.22|96.9|97.02|97.32|97.22|97.3|97.54|97.92|97.82,94.3885|96.2094|96.8951|97.0099|97.3178|97.2102|97.2909|97.5509|97.9281|97.8207,955|0|0|1|1|0|0|0|4|2|0|1156|1|1|0|0|0|2|3|1|0|4|945|4|5|1|1|6|3|0|1|1|7|1006|0|10|0|7|1|0|0|0|4|0|974|0|4|2|1|9|2|0|3|6|2|845|5|0|3|3|3|1|0|1|2|2|982|0|0|0|0|2|4|3|3|0|0|1027|1|5|4|3|7|7|1|2|4|1|952|1|1|0|2|5|9|7|0|9|0|957
9,tanh,relu,0.5,interleave,128,0.01,10,ce,ok,106.919,99.5911,97.56,97.5579,97.98,97.9598,97.56,10,0.271514|0.115544|0.0805244|0.0608733|0.0457498|0.0391376|0.0274676|0.0215798|0.0151325|0.0123935,91.6289|96.4244|97.5044|97.9533|98.4511|98.7533|99.0756|99.2956|99.5178|99.5911,95.76|95.18|96.66|97.16|97.4|97.26|97.04|97.34|97.52|97.56,95.753|95.1671|96.6639|97.1782|97.3958|97.258|97.048|97.333|97.512|97.5579,957|0|0|1|1|1|1|0|1|1|0|1154|0|2|2|0|0|4|1|1|2|5|937|6|3|0|1|12|3|0|0|0|3|1016|1|7|0|5|1|0|0|0|4|1|964|0|3|2|2|18|0|1|3|9|0|847|3|1|2|3|6|2|1|0|2|6|973|0|1|0|0|2|2|3|1|0|0|1029|0|8|4|2|1|9|1|6|0|1|953|5|3|1|0|2|4|4|0|8|0|968
10,tanh,relu,0.5,interleave,128,0.01,10,ce,ok,106.476,99.5511,97.8,97.8157,97.95,97.9275,97.8,9,0.273523|0.119854|0.0824043|0.0614476|0.047716|0.0370405|0.0280334|0.0224737|0.0176878|0.0134799,91.7067|96.2489|97.4133|98.0022|98.4022|98.78|99.0933|99.2244|99.4244|99.5511,95.92|96.52|95.8|97.1|97.52|96.96|97.34|97.34|97.8|97.8,95.9211|96.527|95.8114|97.1042|97.515|96.9709|97.3376|97.348|97.8053|97.8157,953|0|0|1|1|1|3|0|3|1|0|1145|1|1|4|1|0|6|6|0|2|1|949|6|4|0|1|4|0|2|0|0|4|1008|1|10|0|7|1|2|0|0|4|0|975|1|4|2|1|7|0|1|2|11|1|842|1|0|3|8|3|1|1|1|1|3|978|0|3|0|0|0|6|0|1|0|0|1031|1|6|3|1|5|4|1|5|0|1|955|7|2|0|0|1|12|2|0|14|0|959
12,tanh,relu,0.5,interleave,128,0.01,10,ce,ok,106.709,99.6444,97.44,97.4509,97.68,97.6577,97.78,7,0.278159|0.117835|0.0821243|0.0601369|0.0462972|0.0370602|0.0291923|0.0210475|0.014547|0.0106621,91.4356|96.3689|97.4533|98.06|98.5|98.7689|99|99.3378|99.5489|99.6444,95.9|96.86|95.9|97.04|96.98|96.5|97.78|97.46|97.56|97.44,95.8752|96.8609|95.9299|97.0377|96.9798|96.4854|97.7862|97.475|97.5718|97.4509,958|0|0|0|1|0|1|0|1|2|0|1144|2|0|4|0|0|3|6|5|1|1|943|9|3|0|3|6|2|1|0|1|7|1008|0|10|0|4|1|2|1|0|3|0|953|0|9|6|2|20|1|0|1|10|0|831|9|1|5|11|4|1|0|0|3|0|977|0|6|0|0|0|3|2|2|0|0|1024|1|13|5|2|2|6|0|1|2|1|954|9|3|0|0|0|6|0|0|5|0|976
11,tanh,relu,0.5,interleave,128,0.01,10,ce,ok,106.926,99.4711,97.4,97.3989,97.54,97.5217,97.88,9,0.27782|0.118201|0.0792672|0.0603864|0.0479699|0.0355951|0.028681|0.0210082|0.0182904|0.0151778,91.4111|96.2556|97.4667|98.0311|98.4|98.8356|99.0556|99.3|99.4133|99.4711,95.8|94.7|96.74|97.36|96.84|97.54|97.36|97.68|97.88|97.4,95.7756|94.7207|96.7335|97.3546|96.8306|97.531|97.3599|97.6645|97.8742|97.3989,945|0|2|1|1|1|6|0|6|1|0|1137|7|2|0|0|0|3|14|1|2|0|933|15|1|0|1|5|11|1|0|1|2|1012|0|7|0|3|7|1|2|0|6|0|963|1|10|1|2|9|0|0|1|8|0|842|4|0|8|6|2|1|0|0|2|5|978|0|3|0|0|2|7|3|2|2|0|1018|4|7|2|2|1|2|0|4|3|0|967|1|3|0|0|4|8|1|1|8|6|959
13,tanh,relu,0.5,interleave,128,0.01,10,ce,ok,105.837,99.6689,97.88,97.8775,97.75,97.7284,97.88,10,0.275358|0.115855|0.0796677|0.0611796|0.0438355|0.0335453|0.0258015|0.0203541|0.0151112|0.0104047,91.6467|96.4111|97.4289|97.96|98.5911|98.9222|99.16|99.3622|99.5022|99.6689,95.8|96.6|96.98|97.14|97.58|97.64|97.36|97.8|97.54|97.88,95.7974|96.6123|96.979|97.1357|97.5747|97.639|97.357|97.7985|97.5392|97.8775,959|0|0|0|1|0|0|0|3|0|0|1145|2|1|0|0|0|3|9|4|0|3|943|9|3|0|2|3|3|3|0|1|5|1012|0|7|0|3|4|1|2|0|1|0|958|0|3|4|3|23|3|0|1|6|2|835|6|0|8|8|6|0|0|1|2|2|979|0|1|0|0|0|12|4|1|1|0|1009|1|17|3|1|3|3|0|2|2|1|962|5|6|0|0|1|3|1|0|1|5|973
14,tanh,relu,0.5,interleave,128,0.01,10,ce,ok,105.83,99.5289,97.74,97.747,97.92,97.9028,97.74,10,0.276109|0.119328|0.082797|0.0640808|0.0479526|0.0364069|0.0292403|0.0236983|0.0164338|0.0141071,91.6289|96.2978|97.38|97.9622|98.4356|98.8111|99.0422|99.1978|99.4667|99.5289,95.48|96.16|96.94|97.06|97.42|97.06|97.46|97.48|97.3|97.74,95.4648|96.1296|96.9416|97.0538|97.4198|97.0476|97.4533|97.4833|97.2947|97.747,953|0|1|1|1|0|2|0|3|2|0|1153|1|0|0|0|0|6|3|1|1|2|943|8|1|0|1|7|5|1|0|1|5|1005|0|10|0|8|3|1|0|0|2|0|960|1|6|3|1|21|0|1|0|11|0|843|4|1|5|4|3|0|2|0|1|2|982|0|1|0|0|0|3|0|2|0|0|1028|1|11|4|6|2|10|0|1|2|1|954|2|2|0|0|4|3|3|0|6|1|971
15,tanh,relu,0.5,interleave,128,0.01,10,ce,ok,105.913,99.6533,97.64,97.6287,97.92,97.8908,97.78,9,0.27408|0.117718|0.0818667|0.061807|0.047436|0.0373319|0.0297327|0.0222464|0.016673|0.0111472,91.6333|96.3578|97.4844|98.0444|98.4067|98.7956|99.0311|99.2933|99.4889|99.6533,95.98|96.2|96.68|96.36|97.68|97.46|97.34|97.58|97.78|97.64,95.9467|96.1832|96.6854|96.4026|97.6855|97.4386|97.3523|97.5775|97.7727|97.6287,954|0|2|1|1|2|1|0|1|1|0|1149|6|1|2|0|0|5|1|0|2|1|953|1|2|0|0|5|5|0|0|0|4|996|2|19|0|9|3|0|0|0|6|0|973|1|6|2|1|5|0|0|3|4|0|853|4|1|3|1|5|0|0|0|2|6|976|0|2|0|0|1|4|1|2|0|0|1028|1|8|3|1|3|7|1|5|1|1|959|1|3|0|0|2|18|6|0|7|3|951
17,tanh,relu,0.5,interleave,128,0.01,10,ce,ok,93.211,99.52,97.72,97.728,97.68,97.6669,97.72,10,0.278592|0.117536|0.0820098|0.0624732|0.0465721|0.0380116|0.0273126|0.0214754|0.016725|0.0136589,91.5511|96.4133|97.4667|98.0022|98.4556|98.6733|99.1089|99.2556|99.4222|99.52,95.72|96.64|97.12|96.96|97.5|97.2|97.1|97.02|97.44|97.72,95.7235|96.639|97.099|96.9503|97.4996|97.1925|97.0963|97.0228|97.4265|97.728,951|1|0|1|1|1|5|0|2|1|0|1146|1|3|4|0|0|6|0|4|2|5|935|11|2|1|2|6|5|0|0|1|5|1000|1|14|0|9|2|1|0|0|3|0|969|0|3|5|0|14|0|0|3|5|1|855|0|1|3|1|2|1|0|1|2|8|974|0|3|0|0|0|2|4|1|0|0|1033|1|4|3|6|1|7|1|6|0|3|945|10|3|0|0|4|8|3|0|9|3|960
18,tanh,relu,0.5,interleave,128,0.01,10,ce,ok,93.2193,99.6444,97.48,97.4829,97.47,97.4279,97.78,7,0.275122|0.117282|0.080893|0.0597947|0.0451907|0.0356052|0.0306306|0.0205834|0.0144892|0.0116616,91.5533|96.3667|97.4244|98.0622|98.5333|98.7911|99.0356|99.3822|99.5511|99.6444,95.44|96.52|97.2|97.66|97.06|97.76|97.78|97.52|97.62|97.48,95.4188|96.5105|97.2109|97.6563|97.0701|97.7571|97.7719|97.5288|97.6271|97.4829,954|0|0|1|1|1|4|0|1|1|0|1154|1|0|3|0|4|2|0|0|1|1|952|2|1|2|1|5|1|3|0|1|8|997|1|18|0|6|2|0|0|0|3|1|965|0|10|1|2|12|0|0|2|5|0|845|11|0|4|2|3|0|0|1|2|1|984|0|0|0|0|1|6|2|2|0|1|1031|0|2|6|3|24|7|0|4|8|2|924|4|4|1|0|12|5|8|0|17|2|941
16,tanh,relu,0.5,interleave,128,0.01,10,ce,ok,93.2326,99.4689,97.62,97.6268,97.89,97.8635,97.72,8,0.276052|0.115909|0.0817761|0.0612641|0.0464107|0.0344926|0.031029|0.0218521|0.0178552|0.0155112,91.6978|96.46|97.3667|98.0533|98.5244|98.8867|98.9711|99.3111|99.3956|99.4689,95.84|96.22|97.02|97.12|97.32|97.02|97.46|97.72|97.04|97.62,95.8278|96.2404|97.0222|97.1206|97.3164|97.0108|97.4528|97.7155|97.0513|97.6268,955|0|0|1|1|0|2|0|3|1|0|1146|1|1|3|1|0|4|8|0|5|2|933|9|4|0|4|3|8|1|0|0|4|1010|1|10|0|4|3|1|0|0|2|0|970|3|6|2|2|9|0|0|2|10|1|843|3|0|6|4|3|1|0|0|1|2|981|0|3|0|0|1|5|1|10|1|0|1020|1|6|3|0|1|2|0|2|3|0|968|3|2|0|0|2|13|4|0|4|2|963
20,tanh,relu,0.5,interleave,128,0.01,10,ce,ok,93.2783,99.6711,97.88,97.8814,98.18,98.1604,97.9,9,0.275743|0.116417|0.0823183|0.0631942|0.0493292|0.0359191|0.0316093|0.0248013|0.0194568|0.0109334,91.6533|96.4556|97.4489|97.9844|98.3844|98.7867|98.9356|99.1356|99.3267|99.6711,95.44|96.06|97.38|97.08|97.34|97.2|96.6|97.78|97.9|97.88,95.4167|96.0344|97.3764|97.0822|97.3421|97.2051|96.5779|97.7813|97.9056|97.8814,958|0|1|1|0|0|0|0|2|1|0|1156|0|1|1|0|0|4|2|0|3|2|941|8|1|0|2|3|9|0|0|2|3|1011|0|10|0|4|2|1|0|0|4|0|974|0|2|2|2|10|0|0|1|8|1|848|4|0|5|2|3|1|0|0|2|3|980|0|2|0|2|1|2|2|3|0|0|1022|2|11|3|4|1|3|0|2|1|0|966|2|2|0|1|4|8|4|0|7|2|962
19,tanh,relu,0.5,interleave,128,0.01,10,ce,ok,93.3035,99.5689,97.66,97.6559,97.67,97.6308,97.72,9,0.274102|0.117274|0.0833026|0.0624333|0.045078|0.037368|0.0284168|0.0251844|0.0203246|0.013364,91.6333|96.3756|97.4667|98.06|98.5778|98.7333|99.06|99.1489|99.28|99.5689,95.24|96.74|97.06|97.14|97.4|96.88|97.58|97.3|97.72|97.66,95.2404|96.7325|97.0601|97.147|97.3993|96.9056|97.5768|97.2945|97.7147|97.6559,952|0|0|0|1|2|3|0|3|2|0|1155|1|0|2|0|0|2|3|1|2|4|936|2|5|2|7|7|4|0|0|1|7|976|1|30|0|3|14|1|0|0|2|0|978|0|5|2|2|5|0|0|2|2|1|849|5|0|6|4|4|1|0|1|3|2|977|0|3|0|0|1|6|1|3|0|0|1020|2|12|2|1|0|1|1|3|1|0|970|3|1|0|0|1|10|7|0|11|6|954
1,tanh,leaky_relu,0.5,interleave,128,0.01,10,ce,ok,92.1675,99.5022,97.42,97.4293,97.8,97.776,97.64,9,0.28125|0.124273|0.0859903|0.0653225|0.0498213|0.0397998|0.0313748|0.0249407|0.0174367|0.0152657,91.4867|96.1667|97.3044|97.9067|98.3889|98.6933|99.0222|99.1422|99.4111|99.5022,95.04|95.58|96.74|96.92|97.4|97.24|97.36|97.54|97.64|97.42,95.0458|95.575|96.7306|96.924|97.388|97.2318|97.3565|97.5291|97.6303|97.4293,957|0|1|1|0|1|1|0|0|2|0|1140|2|3|9|0|0|3|4|3|2|1|956|3|2|0|0|3|1|1|0|0|5|1002|1|17|0|3|3|2|0|0|3|0|979|0|2|1|1|8|0|0|4|3|0|853|3|0|1|5|7|0|2|0|7|6|967|0|2|0|0|0|13|2|5|2|0|1009|1|13|6|0|4|5|0|9|2|0|942|14|3|0|0|1|4|3|0|3|1|975
2,tanh,leaky_relu,0.5,interleave,128,0.01,10,ce,ok,92.3445,99.6133,97.52,97.5223,97.66,97.6383,97.82,9,0.283109|0.122134|0.0866192|0.0647253|0.0515255|0.0417377|0.030176|0.0238081|0.0187842|0.012267,91.4311|96.2578|97.2444|97.9244|98.32|98.6289|99.02|99.2022|99.4244|99.6133,94.24|96.42|96.72|96.44|97.2|97.06|97.24|97.46|97.82|97.52,94.293|96.4197|96.7198|96.4445|97.1946|97.0498|97.2462|97.4547|97.8153|97.5223,950|0|0|1|1|2|3|0|5|1|0|1152|1|3|3|0|0|3|2|0|1|4|936|15|3|2|1|2|4|1|0|2|2|1013|0|12|0|3|1|0|0|0|1|0|958|1|5|1|1|27|0|0|0|12|1|845|5|0|3|3|3|1|0|1|1|5|976|0|4|0|0|2|7|9|2|3|0|1011|1|10|3|4|0|7|0|5|0|1|960|2|3|0|0|5|6|3|0|6|2|965
3,tanh,leaky_relu,0.5,interleave,128,0.01,10,ce,ok,92.3867,99.48,97.64,97.6413,97.67,97.6527,97.64,10,0.282757|0.124112|0.0849347|0.0657709|0.0500654|0.0423883|0.0311308|0.0254179|0.0171099|0.0160478,91.3356|96.1311|97.3|97.8867|98.34|98.5822|99.0133|99.1778|99.4867|99.48,95.64|96.38|96.48|97.2|97.54|97.4|97.32|97.18|97.54|97.64,95.6275|96.3723|96.4705|97.1937|97.5502|97.3947|97.3249|97.1824|97.543|97.6413,957|0|1|1|1|0|1|0|0|2|0|1151|1|2|1|1|0|4|2|2|1|3|942|3|1|0|2|13|3|1|0|1|3|1008|0|10|0|8|1|2|1|0|3|0|955|0|2|4|1|28|0|0|2|9|0|848|3|0|5|2|3|0|0|0|3|3|978|0|4|0|1|0|3|4|2|0|0|1028|1|6|3|2|2|18|0|6|0|3|929|19|2|0|0|1|1|3|1|11|0|971
4,tanh,leaky_relu,0.5,interleave,128,0.01,10,ce,ok,92.4516,99.5044,97.66,97.6587,97.62,97.5977,97.68,9,0.280637|0.120217|0.0855876|0.0635998|0.0516065|0.0388431|0.0299045|0.02377|0.0180647|0.0156548,91.5644|96.2889|97.3089|97.9889|98.3467|98.7156|99.0489|99.1933|99.4044|99.5044,95.44|96.32|96.68|96.78|97.2|97.54|97.28|97.4|97.68|97.66,95.4013|96.3188|96.6865|96.7795|97.2043|97.5479|97.2817|97.4043|97.6818|97.6587,951|0|1|0|2|0|2|0|4|3|0|1153|1|1|3|0|0|5|1|0|1|3|931|1|10|1|4|11|7|0|0|2|11|994|1|7|0|12|4|2|0|0|2|0|986|0|2|1|0|3|0|1|1|7|2|842|8|0|2|6|3|1|0|0|4|2|979|0|2|0|0|0|3|0|6|0|0|1029|1|6|3|7|3|3|7|6|3|3|939|8|2|0|1|0|16|2|0|11|0|958
5,tanh,leaky_relu,0.5,interleave,128,0.01,10,ce,ok,92.4306,99.5378,97.46,97.462,97.65,97.6201,97.84,9,0.277669|0.120697|0.08364|0.0633027|0.0504914|0.039215|0.0321235|0.0254975|0.0168973|0.0142533,91.4511|96.2267|97.3689|97.9044|98.4133|98.7067|98.9067|99.1667|99.4644|99.5378,94.82|96.24|96.94|97.12|97.3|97.34|97.3|97.82|97.84|97.46,94.7976|96.2237|96.9383|97.1147|97.289|97.3488|97.2982|97.8199|97.8419|97.462,955|0|1|1|2|0|1|0|2|1|0|1149|2|1|1|0|0|7|4|0|2|6|933|6|6|2|1|8|5|0|0|1|4|1000|1|11|0|7|8|1|0|0|1|0|982|0|3|3|1|4|1|1|1|13|2|826|11|0|8|6|3|1|0|1|2|0|981|0|3|0|0|1|4|2|6|0|0|1027|1|4|2|0|3|4|2|0|3|0|966|2|2|0|1|4|20|2|0|11|4|946
6,tanh,leaky_relu,0.5,interleave,128,0.01,10,ce,ok,93.6297,99.5289,97.68,97.6729,97.88,97.8481,97.68,10,0.280125|0.120921|0.0862742|0.064916|0.0492928|0.0393289|0.0301799|0.0249036|0.0178405|0.0148047,91.3911|96.2511|97.2911|97.9133|98.4778|98.6689|99.0244|99.1889|99.4178|99.5289,95.68|96.1|96.66|97.28|97.5|97.66|96.88|97.58|97.26|97.68,95.6623|96.0987|96.6733|97.2946|97.5124|97.6625|96.8704|97.5755|97.2617|97.6729,956|0|0|1|1|0|1|0|3|1|0|1150|0|0|4|0|0|3|5|2|1|3|940|6|1|2|4|4|6|2|0|0|3|1001|0|22|0|3|2|2|1|0|1|0|977|0|5|2|2|6|0|0|2|3|0|850|6|0|3|5|4|1|1|1|2|3|977|0|2|0|1|1|3|2|2|1|0|1028|1|6|3|4|0|6|0|10|1|1|956|1|4|0|0|1|7|5|0|15|5|953
7,tanh,leaky_relu,0.5,interleave,128,0.01,10,ce,ok,93.6374,99.5556,97.66,97.6535,97.68,97.6555,97.72,8,0.28339|0.123253|0.0875416|0.0648181|0.0506264|0.0416533|0.0310621|0.026629|0.0185172|0.0136175,91.3244|96.2333|97.1867|97.9156|98.3667|98.7|98.9289|99.1533|99.3867|99.5556,95.32|96.56|96.72|97.18|97.26|97.34|97.18|97.72|97.52|97.66,95.3203|96.5626|96.7262|97.1813|97.2589|97.3408|97.1765|97.7174|97.527|97.6535,952|0|1|1|1|2|1|0|4|1|0|1152|0|1|1|0|0|3|7|0|0|4|948|7|2|0|1|4|3|0|0|1|6|1003|1|14|0|5|3|0|0|1|3|1|963|1|5|6|5|9|0|1|0|10|0|843|5|0|7|3|3|0|1|0|2|2|978|0|5|0|1|1|7|2|2|0|0|1021|1|10|3|5|3|5|1|2|0|0|962|1|4|1|0|9|7|8|0|8|7|946
8,tanh,leaky_relu,0.5,interleave,128,0.01,10,ce,ok,93.8807,99.54,97.92,97.9212,97.93,97.905,97.92,10,0.280313|0.12484|0.0902551|0.0662804|0.0507303|0.0403737|0.0319593|0.0230735|0.0196355|0.013666,91.4533|96.1444|97.0378|97.8667|98.3956|98.6733|98.9244|99.2311|99.3556|99.54,94.52|96.24|96.78|96.86|97.28|97.4|97.46|97.34|97.48|97.92,94.4813|96.2297|96.7752|96.8542|97.2847|97.4053|97.4617|97.3302|97.4785|97.9212,955|0|0|0|1|0|2|0|3|2|0|1150|2|2|2|0|0|3|4|1|0|2|951|5|1|1|1|3|5|0|0|0|7|1007|0|11|0|5|1|2|0|0|2|1|974|0|5|1|2|9|0|0|1|10|2|842|4|0|4|6|4|1|0|0|4|5|975|0|2|0|0|1|6|1|4|0|0|1026|1|6|4|2|4|5|2|2|1|1|958|3|3|0|1|4|13|1|0|8|5|955
10,tanh,leaky_relu,0.5,interleave,128,0.01,10,ce,ok,93.8524,99.4133,97.66,97.6705,97.78,97.7602,97.68,9,0.279158|0.124246|0.0875662|0.0659367|0.0505494|0.041485|0.0311361|0.0253228|0.0225231|0.0173154,91.5422|96.18|97.2467|97.8822|98.2844|98.6644|98.9267|99.1533|99.22|99.4133,95.52|96.24|95.92|97.32|97.24|96.96|97.56|97.56|97.68|97.66,95.5072|96.2407|95.9289|97.3254|97.2377|96.9701|97.5613|97.5573|97.6809|97.6705,953|0|1|1|1|2|2|0|2|1|0|1143|2|1|5|0|0|7|6|0|3|3|944|3|6|1|2|5|2|0|0|2|9|1001|0|10|0|6|1|4|0|0|3|0|984|0|2|2|1|2|0|1|1|6|2|846|3|1|3|6|4|0|0|0|1|5|979|0|2|0|0|0|5|0|2|1|0|1034|1|2|2|1|4|3|2|2|3|1|955|9|2|0|0|2|27|2|0|17|1|939
9,tanh,leaky_relu,0.5,interleave,128,0.01,10,ce,ok,94.1091,99.4422,97.54,97.5416,97.85,97.821,97.56,8,0.278095|0.121303|0.0860159|0.0636712|0.0496554|0.0415895|0.0303142|0.0229091|0.0202821|0.0165537,91.5356|96.2222|97.3667|97.9511|98.3356|98.6156|99.0089|99.2711|99.3244|99.4422,95.76|95|96.1|97.2|97.44|97.3|97.34|97.56|97.14|97.54,95.7535|94.9779|96.102|97.2131|97.4496|97.2882|97.342|97.5625|97.1341|97.5416,952|0|0|1|1|2|3|0|3|1|0|1157|0|2|2|0|0|1|1|1|0|3|945|5|4|0|1|7|4|0|0|3|7|1002|1|8|0|8|4|0|0|0|4|1|978|1|1|0|2|7|1|2|2|10|0|834|8|1|4|7|3|1|2|0|4|4|974|0|3|0|0|3|5|3|4|0|0|1020|2|8|4|1|0|6|2|2|1|0|961|5|1|0|2|4|9|3|0|7|2|962
11,tanh,leaky_relu,0.5,interleave,128,0.01,10,ce,ok,92.0631,99.5467,97.8,97.7947,97.82,97.7906,97.8,10,0.284238|0.124001|0.0847034|0.0638779|0.0502271|0.0382174|0.0313993|0.0230276|0.0169475|0.0136429,91.2556|96.1511|97.3156|97.9733|98.3622|98.7733|98.9622|99.2511|99.4178|99.5467,95.84|94.52|96.84|96.86|97.22|97.54|97.44|97.12|97.32|97.8,95.8287|94.5523|96.8376|96.8574|97.2146|97.5459|97.4367|97.1029|97.3113|97.7947,948|0|6|1|0|0|3|0|4|1|0|1153|1|1|2|1|0|3|3|0|0|3|945|7|4|0|3|4|3|0|0|0|7|1003|0|14|0|4|4|1|0|0|4|0|974|1|4|3|2|6|0|0|1|13|0|842|4|1|4|4|2|1|1|1|2|5|976|0|3|0|0|1|13|1|3|0|1|1014|1|11|3|2|3|3|1|4|1|0|964|1|4|0|1|0|9|1|0|8|4|963
12,tanh,leaky_relu,0.5,interleave,128,0.01,10,ce,ok,92.07,99.5444,97.58,97.5878,97.85,97.8442,97.78,7,0.283848|0.121212|0.0869134|0.0613399|0.0489191|0.0397805|0.0295496|0.0237264|0.0186567|0.0147769,91.3089|96.22|97.2244|98.0533|98.3978|98.6867|99.0511|99.26|99.4133|99.5444,95.46|96.52|95.62|97.12|96.22|97.2|97.78|97.58|97.72|97.58,95.4446|96.5332|95.6518|97.1114|96.217|97.1957|97.7803|97.5855|97.7273|97.5878,959|0|0|0|1|0|1|0|1|1|0|1146|2|1|1|1|0|5|7|1|2|3|945|5|3|0|2|7|1|1|0|1|5|1009|1|8|0|6|2|1|0|0|2|0|958|0|4|5|1|24|0|0|1|10|0|844|4|1|6|3|4|1|0|0|3|0|979|0|4|0|3|2|5|3|0|1|0|1015|1|15|4|2|2|10|0|1|0|0|958|5|3|0|0|3|5|0|0|5|2|972
13,tanh,leaky_relu,0.5,interleave,128,0.01,10,ce,ok,91.7978,99.5756,96.38,96.4054,96.29,96.2534,97.8,8,0.281672|0.121669|0.0850579|0.0656617|0.0482319|0.038962|0.0283053|0.0245613|0.0167403|0.0135119,91.5111|96.24|97.38|97.8867|98.4133|98.7378|99.0733|99.1622|99.4489|99.5756,95.58|96.52|97.04|97.04|97.3|97.7|97.44|97.8|97.3|96.38,95.5767|96.5317|97.0353|97.0298|97.2896|97.6974|97.442|97.8095|97.2949|96.4054,952|0|0|1|1|1|2|1|4|1|0|1134|1|3|4|0|0|2|17|3|1|2|808|123|2|0|3|7|18|5|0|0|0|1016|0|8|0|3|5|1|1|0|2|0|959|0|7|2|2|21|2|0|0|12|0|845|1|0|5|4|6|0|0|1|2|11|967|0|4|0|0|1|3|5|2|0|0|1012|3|19|3|0|0|7|0|4|0|1|960|7|3|0|1|2|2|3|0|1|2|976
14,tanh,leaky_relu,0.5,interleave,128,0.01,10,ce,ok,91.8794,99.5556,97.44,97.439,97.75,97.7265,97.46,6,0.279665|0.123916|0.0857325|0.0663756|0.0513092|0.0397845|0.0303275|0.0255717|0.0188027|0.0139316,91.4933|96.2111|97.3|97.8644|98.3756|98.6733|98.9756|99.1267|99.36|99.5556,95.26|96.12|97.2|97.1|97.08|97.46|97|96.5|97.22|97.44,95.2322|96.1159|97.1957|97.0964|97.0796|97.4571|97.0004|96.5042|97.2152|97.439,959|0|0|0|1|0|0|0|1|2|0|1145|2|0|3|2|0|9|1|2|1|2|947|3|7|0|2|6|1|0|1|1|7|991|2|18|0|8|1|4|0|0|1|0|978|0|3|2|1|9|0|1|1|8|0|848|5|1|3|2|3|1|0|0|3|5|978|0|1|0|0|0|3|0|4|0|0|1032|1|5|4|4|5|6|2|6|3|1|944|7|3|0|0|1|17|6|0|10|0|953
15,tanh,leaky_relu,0.5,interleave,128,0.01,10,ce,ok,91.8909,99.5889,97.58,97.5734,98.01,97.9867,97.78,8,0.281481|0.124963|0.0869948|0.0672214|0.0530375|0.0414227|0.0330855|0.0239387|0.0195152|0.0133964,91.4844|96.12|97.2556|97.8489|98.2289|98.6067|98.9467|99.2111|99.3578|99.5889,95.7|96.36|96.82|96.04|96.9|96.4|97.46|97.78|97.62|97.58,95.6769|96.342|96.8277|96.0986|96.9012|96.401|97.4619|97.7869|97.6169|97.5734,954|0|1|0|1|0|2|0|4|1|0|1145|4|2|2|0|0|6|5|0|0|1|948|4|3|1|1|7|4|0|0|0|6|1001|1|17|0|6|2|0|0|0|4|0|967|2|5|3|2|11|0|0|3|6|1|848|3|0|5|3|4|1|0|1|2|4|977|0|2|0|0|1|3|1|2|1|0|1034|1|2|1|1|1|4|0|4|1|1|968|1|3|0|0|2|7|3|0|12|4|959
16,tanh,leaky_relu,0.5,interleave,128,0.01,10,ce,ok,91.8593,99.4733,97.62,97.6281,97.83,97.8031,97.8,9,0.283944|0.121338|0.0856322|0.0644081|0.0491898|0.0379975|0.0332804|0.02332|0.0178588|0.0160924,91.4733|96.3667|97.2867|97.9644|98.4378|98.7067|98.8733|99.2622|99.4222|99.4733,95.66|96.22|96.88|97.04|97.36|97.34|97.32|97.7|97.8|97.62,95.6523|96.2275|96.8673|97.0367|97.3429|97.3262|97.3135|97.6941|97.7942|97.6281,953|0|0|1|2|1|3|0|2|1|0|1148|1|1|2|0|0|3|8|1|1|4|941|5|3|3|3|1|6|2|0|2|5|984|1|30|0|5|4|2|0|0|1|0|975|1|3|2|2|10|1|1|0|2|1|854|4|0|3|3|3|1|0|0|2|2|981|0|2|0|0|0|14|2|4|0|0|1015|1|9|1|2|0|2|0|5|4|1|964|3|3|0|0|0|9|4|0|5|1|968
17,tanh,leaky_relu,0.5,interleave,128,0.01,10,ce,ok,91.7704,99.5178,97.2,97.1807,97.52,97.4765,97.64,8,0.284282|0.123073|0.0858389|0.0656656|0.0490409|0.0389611|0.0310881|0.0265233|0.017296|0.0144536,91.3933|96.2378|97.3111|97.8867|98.4511|98.6711|98.9378|99.0667|99.4422|99.5178,95.56|96.36|97.22|96.72|97.3|97.3|97.28|97.64|97.42|97.2,95.5555|96.352|97.2045|96.706|97.3006|97.2922|97.2789|97.6384|97.4166|97.1807,947|0|4|1|1|0|5|0|5|0|0|1157|1|0|3|0|0|3|0|0|1|2|946|2|8|0|2|5|3|0|0|2|11|999|1|9|0|8|2|1|0|0|3|0|977|0|4|3|1|6|0|1|4|8|2|824|5|0|15|10|2|2|0|0|2|1|982|0|2|0|1|0|3|2|2|1|0|1033|1|2|3|6|5|3|1|0|2|1|960|1|3|0|1|7|25|2|0|13|12|927
18,tanh,leaky_relu,0.5,interleave,128,0.01,10,ce,ok,91.8554,99.5111,97.42,97.4284,97.75,97.7308,97.56,3,0.281559|0.122502|0.0874529|0.0621668|0.0499775|0.0402104|0.0319277|0.0246094|0.0198992|0.0152546,91.36|96.2267|97.2044|98.0511|98.3956|98.6867|99.0089|99.22|99.32|99.5111,94.98|96.64|97.56|97.42|97.44|97.54|97.5|97.28|97.14|97.42,94.9483|96.6365|97.5452|97.4103|97.4523|97.5353|97.4897|97.2859|97.1536|97.4284,950|1|0|1|1|1|2|0|4|3|0|1154|1|0|4|0|0|3|0|2|0|3|946|2|6|0|0|7|2|3|0|3|3|997|0|14|0|7|5|4|0|0|1|0|974|1|3|1|1|13|0|0|2|5|2|845|5|0|4|6|2|0|0|0|2|2|984|0|1|0|0|1|5|1|5|0|0|1017|0|16|3|7|0|7|5|3|3|0|937|17|2|0|0|2|6|4|1|4|0|971
19,tanh,leaky_relu,0.5,interleave,128,0.01,10,ce,ok,91.6657,99.5556,97.9,97.9075,98,97.9785,97.9,10,0.280156|0.122307|0.0885193|0.06517|0.0501449|0.0398712|0.03033|0.0248947|0.0179382|0.0132743,91.4778|96.2622|97.2556|97.9333|98.3356|98.6733|98.9578|99.1489|99.4133|99.5556,95.06|96.68|96.44|97.14|97.54|97.16|97.32|97.44|97.28|97.9,95.0544|96.6749|96.4282|97.1404|97.5512|97.1744|97.3196|97.4479|97.2942|97.9075,958|0|0|1|1|0|1|0|1|1|0|1148|1|2|2|1|0|6|3|1|2|3|937|10|4|0|2|9|2|0|0|0|6|1004|0|11|0|7|4|1|0|0|2|0|975|0|7|3|1|6|1|2|2|13|1|839|4|0|3|4|4|1|0|0|2|5|976|0|3|0|0|1|4|0|2|0|0|1033|1|4|4|2|2|3|2|1|0|2|961|5|2|0|1|4|6|2|0|5|1|969
20,tanh,leaky_relu,0.5,interleave,128,0.01,10,ce,ok,91.8404,99.5711,97.54,97.5385,97.94,97.9197,97.56,9,0.281292|0.121734|0.0862009|0.0668627|0.0512446|0.0401444|0.0318705|0.0244515|0.0191668|0.0144322,91.4867|96.2267|97.2822|97.8044|98.3556|98.6244|98.9156|99.1822|99.3733|99.5711,95.24|96.28|97|97.04|97.14|97.3|96.42|97.5|97.56|97.54,95.2181|96.2583|96.9906|97.0428|97.1401|97.3|96.3936|97.493|97.5667|97.5385,958|0|0|0|1|0|1|0|2|1|0|1153|1|1|3|0|0|3|3|0|1|2|951|5|5|1|1|3|0|0|0|2|7|999|0|15|0|8|1|1|0|1|1|0|977|0|4|2|1|8|1|1|0|5|1|848|7|0|4|2|3|0|0|1|2|1|984|0|0|0|0|1|5|2|3|0|0|1028|1|5|3|5|3|2|1|3|9|1|951|4|3|1|0|1|16|5|0|16|3|945
1,sigmoid,relu,0.5,interleave,128,0.003,10,ce,ok,91.2616,98.6889,96.9,96.9208,96.82,96.7961,97.32,9,0.500248|0.184046|0.128123|0.102386|0.0846542|0.0723925|0.0641869|0.0526806|0.0484659|0.0418053,84.48|94.42|96.1489|96.82|97.3911|97.7422|98.0267|98.2978|98.4556|98.6889,93|93.94|96.34|96.34|96.1|97.08|96.76|97.12|97.32|96.9,92.9695|93.8957|96.3292|96.3306|96.0936|97.0806|96.7582|97.1103|97.3211|96.9208,953|0|0|0|1|0|2|0|4|3|0|1128|0|6|15|1|2|3|5|4|4|2|911|13|6|0|3|10|16|4|1|0|5|1000|2|10|0|4|5|6|0|0|4|0|971|0|3|0|1|15|1|1|0|12|2|836|3|0|8|6|5|0|0|1|10|15|956|0|4|0|0|0|3|2|2|1|2|1013|2|20|3|1|1|2|7|6|0|1|949|12|2|0|0|4|12|0|0|6|1|965
3,sigmoid,relu,0.5,interleave,128,0.003,10,ce,ok,91.3115,98.7422,96.66,96.6694,97.05,97.0259,97.16,8,0.48812|0.184018|0.127365|0.0996072|0.082493|0.0690303|0.0595174|0.0501647|0.0445904|0.0378166,85.1644|94.5|96.1311|97.0289|97.4667|97.8778|98.1178|98.3978|98.5556|98.7422,93.6|95.32|95.92|96.54|96.7|97.04|96.92|97.16|97.14|96.66,93.5808|95.2963|95.9182|96.5416|96.6998|97.0369|96.9238|97.1553|97.135|96.6694,950|1|2|1|1|0|4|0|1|3|0|1144|4|3|2|0|1|5|3|2|1|1|946|11|3|0|1|5|1|0|0|2|7|1007|1|9|0|5|1|1|0|0|2|0|967|0|6|2|1|16|2|1|3|15|0|832|5|1|3|7|4|1|1|2|2|5|974|0|2|0|0|0|6|7|7|0|0|1012|1|12|3|4|8|35|3|10|2|2|912|3|2|0|0|5|11|3|0|8|0|961
2,sigmoid,relu,0.5,interleave,128,0.003,10,ce,ok,91.5094,98.7733,97.18,97.1773,97.12,97.0939,97.5,9,0.512025|0.187553|0.131777|0.102074|0.0842831|0.0715492|0.0605326|0.0514055|0.0447976|0.0387343,84.0244|94.4422|95.9778|96.9|97.5022|97.8089|98.0867|98.3356|98.6067|98.7733,92.42|95.16|96.22|95.44|96.78|96.62|96.78|97.26|97.5|97.18,92.3886|95.1422|96.2125|95.4603|96.7771|96.621|96.7798|97.2653|97.4974|97.1773,954|0|1|0|1|0|4|0|2|1|0|1153|2|4|1|0|0|1|3|0|4|4|929|13|1|0|4|4|7|3|1|1|5|1003|1|8|0|6|6|2|4|0|4|0|942|0|10|6|2|26|2|1|3|12|0|832|8|0|6|5|4|2|0|1|1|2|980|0|1|0|0|4|11|6|1|1|0|1013|1|8|4|6|4|8|1|1|5|0|949|4|3|2|0|8|8|4|0|8|0|957
4,sigmoid,relu,0.5,interleave,128,0.003,10,ce,ok,91.5268,98.8689,97.4,97.3962,97.51,97.4741,97.4,10,0.519312|0.186859|0.129255|0.100039|0.0836079|0.0700663|0.0572978|0.0499949|0.0433308|0.036469,83.6711|94.5244|96.0956|96.9778|97.4667|97.8489|98.2489|98.4489|98.6489|98.8689,93.08|95.34|96.1|96.44|96.4|96.84|97.22|97.1|97.38|97.4,93.0396|95.3572|96.1117|96.4366|96.4171|96.8502|97.2358|97.1122|97.3847|97.3962,938|0|3|0|1|1|9|0|7|4|0|1156|1|0|0|1|0|2|4|0|0|1|944|3|4|2|4|5|6|0|0|4|8|987|1|19|0|11|2|1|0|1|3|0|972|1|8|3|2|4|0|2|2|8|0|843|7|0|5|2|3|0|0|1|1|1|980|0|5|0|0|0|6|3|4|0|1|1026|1|4|3|3|3|4|2|8|1|2|953|3|3|1|1|4|16|0|0|10|3|952
5,sigmoid,relu,0.5,interleave,128,0.003,10,ce,ok,91.6466,98.6778,96.88,96.8637,97.34,97.3037,97.14,9,0.512476|0.188705|0.130066|0.0989011|0.0829718|0.0693538|0.0606664|0.0510502|0.0435401|0.0393661,84.0622|94.2911|96.0578|97.0489|97.4956|97.8378|98.0911|98.3578|98.64|98.6778,93|94.74|96.22|96.5|96.58|97.04|96.74|96.86|97.14|96.88,92.9715|94.7323|96.2138|96.4899|96.5799|97.0294|96.7378|96.8539|97.1364|96.8637,946|0|0|1|1|0|9|0|4|2|0|1151|2|3|2|0|1|2|3|0|0|2|940|7|4|1|3|4|6|2|0|1|6|1005|1|8|0|5|5|2|0|0|5|0|970|0|8|1|2|8|0|3|2|24|0|816|11|0|6|7|2|1|1|0|0|0|986|0|1|0|0|0|7|6|6|0|1|1010|1|14|4|5|5|4|2|1|4|1|946|10|3|0|1|4|9|1|0|5|3|964
6,sigmoid,relu,0.5,interleave,128,0.003,10,ce,ok,90.3809,98.7644,97.02,97.0201,97.16,97.1228,97.34,9,0.508378|0.180728|0.127772|0.100925|0.0849799|0.0701666|0.0599912|0.0530146|0.0447627|0.0387032,84.0956|94.6444|96.0311|96.9178|97.4311|97.7556|98.1089|98.3489|98.6067|98.7644,93.58|95.42|95.66|96.38|96.12|97.16|96.92|97.22|97.34|97.02,93.543|95.4143|95.6628|96.3934|96.1461|97.1534|96.9123|97.2092|97.3467|97.0201,956|0|0|0|1|0|2|0|2|2|0|1154|2|2|0|0|0|4|2|0|4|2|950|2|3|0|1|7|0|0|4|2|11|997|0|7|0|8|3|1|1|0|5|0|958|0|5|6|3|16|6|2|3|16|0|820|11|1|7|3|8|2|1|1|1|2|973|0|3|0|4|0|5|2|2|0|0|1025|0|7|6|7|12|8|0|1|2|2|941|3|5|2|1|10|5|3|0|17|5|942
7,sigmoid,relu,0.5,interleave,128,0.003,10,ce,ok,90.2157,98.7111,96.9,96.8958,97.09,97.054,97.14,7,0.492888|0.189984|0.131481|0.102215|0.0843979|0.071386|0.0611579|0.051177|0.0434986|0.039406,84.8689|94.3444|96.0222|96.8711|97.3844|97.7644|98.1044|98.3867|98.6578|98.7111,93.1|95.26|96.02|96.5|96.42|96.8|97.14|97.12|97.14|96.9,93.0472|95.2678|96.0271|96.4981|96.4178|96.7826|97.1352|97.105|97.1375|96.8958,946|0|0|1|1|6|3|0|5|1|0|1151|1|3|1|1|0|1|5|1|1|3|939|9|2|0|2|6|7|0|0|0|5|1011|0|12|0|3|2|0|0|0|6|1|944|3|9|4|3|24|0|2|3|6|0|848|1|0|6|3|4|1|1|2|1|12|966|0|4|0|1|0|12|13|2|0|0|1008|1|8|3|2|4|14|0|7|0|0|948|4|3|1|1|13|6|7|0|6|5|948
8,sigmoid,relu,0.5,interleave,128,0.003,10,ce,ok,90.3645,98.7733,97.26,97.2573,97.19,97.1469,97.34,7,0.495273|0.188934|0.133172|0.103696|0.0848386|0.0700239|0.059746|0.0496671|0.0439748|0.0373337,84.4267|94.3867|95.9578|96.86|97.3667|97.8356|98.1089|98.4356|98.6022|98.7733,92.36|95.32|96.02|96.14|96.96|96.38|97.34|97.18|96.94|97.26,92.3016|95.3127|96.013|96.1317|96.9699|96.4115|97.3294|97.1803|96.926|97.2573,950|0|3|1|1|0|3|0|1|4|0|1155|1|3|2|0|0|2|1|0|3|2|951|2|1|0|2|6|1|1|2|2|14|994|0|10|0|8|2|1|0|0|3|0|966|0|8|4|2|11|2|2|3|15|0|819|15|1|7|5|5|1|1|0|2|1|978|0|3|0|1|1|11|2|4|0|0|1017|1|8|4|5|8|8|1|4|7|1|941|3|3|1|1|10|12|3|0|10|2|948
9,sigmoid,relu,0.5,interleave,128,0.003,10,ce,ok,90.6255,98.8467,97.52,97.5149,97.2,97.1625,97.52,10,0.50039|0.192471|0.132704|0.103016|0.0841688|0.0733601|0.0610469|0.0538384|0.0447451|0.0375934,84.5267|94.1844|96.0267|96.7778|97.3911|97.7289|98.0578|98.2578|98.5644|98.8467,92.86|94.74|95.3|96.68|96.7|96.94|96.68|97.44|97.28|97.52,92.8183|94.7272|95.3019|96.6841|96.6886|96.9387|96.6922|97.4398|97.2775|97.5149,951|0|0|0|1|0|2|0|2|7|0|1152|3|1|4|0|0|3|1|0|3|4|929|5|9|2|1|11|4|1|0|1|6|1000|1|12|0|7|4|2|0|0|4|0|970|0|6|0|1|13|1|0|4|13|1|830|4|0|7|9|7|1|0|1|3|4|972|0|3|0|1|1|11|2|3|2|0|1011|3|11|2|4|1|12|3|3|3|1|947|6|3|0|0|3|17|2|0|6|1|958
10,sigmoid,relu,0.5,interleave,128,0.003,10,ce,ok,90.3713,98.6511,97.06,97.0607,97.13,97.1025,97.24,9,0.515|0.185974|0.131145|0.104666|0.0865874|0.0734015|0.0627044|0.0531084|0.04715|0.0428493,83.78|94.5244|96.1|96.8889|97.3644|97.6311|98.0356|98.4133|98.5533|98.6511,93.3|95.14|95.44|96.7|96.94|95.84|96.34|96.76|97.24|97.06,93.2733|95.1482|95.4442|96.7004|96.9428|95.8882|96.3454|96.7696|97.2503|97.0607,949|0|1|0|1|2|1|1|2|6|0|1147|1|1|7|0|0|3|5|0|3|1|931|6|7|1|4|12|3|1|0|1|3|991|1|14|0|18|2|3|0|0|2|0|976|0|4|3|1|8|1|0|3|7|4|841|2|1|4|6|5|2|1|0|3|6|971|0|3|0|0|0|3|3|4|0|0|1028|1|6|2|5|4|9|7|6|2|3|921|23|2|1|0|2|9|2|0|15|1|958
12,sigmoid,relu,0.5,interleave,128,0.003,10,ce,ok,90.1997,98.6267,97.14,97.1446,97.19,97.1615,97.52,9,0.515542|0.189809|0.135326|0.107551|0.0893248|0.0755659|0.0649564|0.0559726|0.0486314|0.0431141,83.7267|94.2356|95.96|96.7378|97.2667|97.6378|97.9867|98.2533|98.5022|98.6267,92.7|95.46|95.2|96.4|96.52|96.84|97.12|96.94|97.52|97.14,92.6793|95.4626|95.2444|96.3799|96.5168|96.8379|97.122|96.9599|97.5222|97.1446,957|0|0|0|1|0|0|0|2|3|0|1139|3|4|3|0|2|3|6|4|4|2|930|13|2|1|2|4|8|3|1|0|3|1003|0|15|0|6|2|3|3|0|5|0|940|2|7|4|1|32|1|0|2|8|0|835|7|0|7|9|9|0|1|1|2|1|973|0|4|0|2|0|6|5|2|0|1|1013|1|15|6|0|1|10|0|4|3|1|953|4|2|0|0|3|3|2|0|3|1|976
11,sigmoid,relu,0.5,interleave,128,0.003,10,ce,ok,90.3848,98.8,97.1,97.0971,97.19,97.1541,97.1,10,0.498343|0.190819|0.131781|0.10256|0.0849566|0.070222|0.0604152|0.0518572|0.0440934|0.0373324,84.4178|94.3467|96.06|96.8422|97.46|97.8556|98.0956|98.3289|98.6356|98.8,93.56|94.6|96.06|96.56|95.96|97|97.02|96.88|96.86|97.1,93.5219|94.5661|96.0465|96.5544|95.924|96.9921|97.0106|96.8625|96.8583|97.0971,936|0|0|0|3|2|12|0|7|3|0|1157|0|0|2|0|1|0|4|0|0|6|921|10|6|5|2|6|11|2|0|3|6|1001|0|10|0|4|8|1|0|0|1|0|970|0|8|4|5|6|0|1|2|16|0|832|4|0|9|5|0|1|0|0|3|6|979|0|2|0|2|4|11|4|4|0|0|1007|2|11|1|6|0|0|1|0|6|0|966|2|3|2|0|1|18|3|0|9|4|950
13,sigmoid,relu,0.5,interleave,128,0.003,10,ce,ok,90.2328,98.7711,97.02,97.0246,96.92,96.8831,97.1,6,0.511037|0.184599|0.128985|0.102486|0.0829264|0.0681867|0.0593822|0.0501936|0.0440672|0.037482,83.98|94.4533|96.1067|96.8644|97.4356|97.94|98.1756|98.4133|98.62|98.7711,92.98|95.36|96.18|96.52|96.66|97.1|97.08|96.98|97.02|97.02,92.9605|95.3588|96.1778|96.5189|96.656|97.0866|97.0818|96.9763|97.0102|97.0246,947|0|0|1|1|1|4|0|5|4|0|1152|0|2|3|0|0|1|6|0|1|9|889|23|6|1|3|9|25|3|1|1|2|982|0|21|1|8|8|9|0|0|2|0|967|1|6|1|2|15|1|0|3|5|0|839|7|0|8|6|3|1|0|0|3|1|976|0|7|0|1|3|4|3|8|1|0|1009|3|13|2|1|0|2|1|1|1|1|964|9|3|0|0|3|8|3|0|6|0|967
14,sigmoid,relu,0.5,interleave,128,0.003,10,ce,ok,90.2724,98.7244,97.02,97.0097,97.37,97.3298,97.18,7,0.494143|0.186232|0.128622|0.103069|0.0849084|0.0726013|0.0633969|0.0550177|0.0458713|0.0411408,84.4022|94.46|96.1489|96.8778|97.38|97.8178|97.98|98.1978|98.5867|98.7244,93.04|95.3|96.1|96.56|96.54|96.94|97.18|95.86|97.16|97.02,93.0162|95.2745|96.0846|96.541|96.5299|96.9332|97.1768|95.8504|97.1524|97.0097,951|0|1|1|2|1|3|0|3|1|0|1152|1|0|2|0|1|4|4|0|2|3|951|3|1|1|0|4|2|2|0|3|7|996|0|18|0|6|3|0|0|0|7|0|959|1|8|7|1|11|1|1|3|8|0|844|6|0|5|1|4|2|2|0|0|5|976|0|2|0|0|0|8|0|3|0|0|1031|1|2|4|5|8|8|0|8|5|2|941|1|3|2|1|6|11|11|0|16|4|936
15,sigmoid,relu,0.5,interleave,128,0.003,10,ce,ok,90.2995,98.7,97.14,97.1481,97.22,97.192,97.16,9,0.492951|0.18357|0.129288|0.101092|0.0835136|0.0696355|0.0599168|0.0498296|0.0436587|0.03939,84.8822|94.4933|96.0778|96.9178|97.3733|97.8467|98.0911|98.4267|98.6222|98.7,93.62|95.04|96|96.02|96.26|96.68|97.02|97.1|97.16|97.14,93.5811|95.0067|96.007|96.0454|96.2698|96.7019|97.0027|97.0976|97.1528|97.1481,953|0|1|1|1|1|3|0|2|1|0|1135|6|3|1|0|0|9|8|2|3|1|930|13|1|2|5|3|7|4|0|0|9|986|1|20|0|6|7|4|1|0|4|0|959|1|9|4|2|14|1|0|1|10|1|845|3|1|4|3|5|0|1|0|1|5|974|0|5|0|0|0|8|1|2|1|0|1022|1|10|6|1|4|5|2|7|1|1|948|7|3|0|1|3|4|1|0|7|1|970
16,sigmoid,relu,0.5,interleave,128,0.003,10,ce,ok,89.8323,98.7156,97.48,97.4715,97.44,97.3964,97.48,10,0.502933|0.178947|0.126484|0.0988307|0.0810098|0.0675619|0.0594854|0.0507966|0.0423381|0.0390284,84.2778|94.6533|96.2489|97.0067|97.5178|97.8667|98.1022|98.3511|98.6222|98.7156,93.9|95.08|96.12|96.54|97.12|97.08|97|97.44|96.74|97.48,93.8727|95.0801|96.1213|96.532|97.1114|97.0694|96.9862|97.4323|96.7445|97.4715,952|0|0|1|1|1|4|0|3|1|0|1150|2|1|2|1|0|3|5|0|4|3|931|6|6|1|4|4|9|1|0|0|5|991|1|27|0|6|1|2|2|0|1|0|960|2|10|0|3|16|1|0|1|3|0|856|5|0|1|2|4|0|0|0|0|7|978|0|2|0|2|0|6|5|4|2|0|1013|1|12|2|3|1|3|1|13|4|1|950|4|1|0|0|1|7|10|0|5|3|963
17,sigmoid,relu,0.5,interleave,128,0.003,10,ce,ok,89.8133,98.6267,97.22,97.2116,97.38,97.3515,97.22,10,0.511164|0.195483|0.13806|0.111091|0.0903298|0.0761867|0.0642284|0.0553385|0.047835|0.0424273,84.0111|94.24|95.8333|96.6067|97.1956|97.5889|97.9867|98.2489|98.5133|98.6267,93.18|95.14|95.82|95.74|96.52|96.36|96.66|97.12|96.8|97.22,93.1674|95.0953|95.7946|95.7411|96.5141|96.3387|96.6638|97.1127|96.7998|97.2116,943|0|1|1|2|0|9|1|4|2|0|1155|2|0|0|1|0|2|4|0|2|3|936|7|3|0|6|8|3|1|0|1|7|999|0|16|0|5|4|1|0|1|4|0|963|1|6|6|1|12|0|0|5|5|1|846|5|0|3|4|2|2|0|0|2|4|980|0|1|0|0|1|5|4|2|0|0|1028|1|4|1|9|6|9|1|5|4|3|938|6|1|1|0|4|8|5|0|19|2|950
18,sigmoid,relu,0.5,interleave,128,0.003,10,ce,ok,89.7566,98.7022,96.88,96.8659,97.33,97.2864,97.12,9,0.515549|0.193058|0.136527|0.108002|0.0880384|0.0756618|0.0662335|0.0571813|0.0473146|0.042377,83.8333|94.2133|95.9356|96.7156|97.2911|97.5422|97.9267|98.1733|98.5289|98.7022,93.14|95.34|96.24|96.74|96.3|96.98|97.06|96.64|97.12|96.88,93.0956|95.3183|96.2351|96.7345|96.3105|96.9779|97.0537|96.6487|97.1171|96.8659,949|0|2|1|1|0|8|0|1|1|0|1159|1|0|0|0|1|3|0|0|2|2|951|2|3|2|0|4|3|0|0|3|15|976|1|26|0|9|1|2|2|2|4|0|966|0|6|3|2|9|1|0|5|3|0|846|4|0|7|3|4|0|1|0|2|2|980|0|2|0|0|2|6|1|3|0|0|1024|1|8|4|8|11|5|3|8|8|1|929|5|3|2|0|6|10|7|0|9|0|953
19,sigmoid,relu,0.5,interleave,128,0.003,10,ce,ok,89.7781,98.7044,97,96.9805,97.02,96.9836,97.4,8,0.498456|0.19011|0.132547|0.103894|0.0844695|0.0718478|0.0601867|0.0520655|0.0452555|0.0401827,84.7156|94.4889|95.9622|96.9156|97.4622|97.7378|98.1178|98.3111|98.5489|98.7044,92.6|95.32|96.08|96.4|96.68|96.94|97.06|97.4|97.28|97,92.6298|95.2958|96.0771|96.3848|96.6858|96.946|97.0526|97.3953|97.282|96.9805,953|0|0|0|1|1|5|0|1|2|0|1154|1|2|1|0|1|3|2|0|2|4|921|18|3|1|8|10|1|1|1|4|4|1003|0|13|0|7|0|1|2|0|8|1|956|1|9|6|1|10|4|1|1|12|2|828|13|0|5|3|3|0|0|0|2|2|983|0|1|0|0|1|3|4|2|0|0|1030|1|4|6|5|4|15|2|4|4|3|936|3|4|1|0|8|11|1|0|23|4|938
20,sigmoid,relu,0.5,interleave,128,0.003,10,ce,ok,89.8119,98.6533,97.62,97.6143,97.41,97.378,97.62,10,0.492277|0.189747|0.134018|0.105985|0.0868815|0.0731483|0.0645607|0.055627|0.0465343|0.0413265,84.9756|94.3933|96.0422|96.7644|97.3156|97.72|97.9978|98.1778|98.5533|98.6533,92.82|95.08|95.44|96.56|96.66|97.12|96.56|96.78|96.74|97.62,92.7862|95.0682|95.4673|96.5506|96.6583|97.1112|96.5541|96.779|96.743|97.6143,955|0|1|0|1|0|2|0|2|2|0|1149|2|1|2|0|2|4|4|0|3|1|938|9|2|0|3|6|6|1|0|3|5|1002|2|6|0|10|3|2|0|0|4|0|964|0|8|3|2|13|1|2|3|14|2|824|6|0|9|8|4|1|4|0|2|3|977|0|0|0|0|0|7|1|2|0|0|1030|0|5|4|4|3|6|3|1|3|2|953|3|4|0|1|2|9|3|0|20|2|949
